Symbol,Date,Percentage,
AAPL,27-05-2022,149.64,
AAPL,26-05-2022,143.78,
AAPL,25-05-2022,140.52,
AAPL,24-05-2022,140.36,
AAPL,23-05-2022,143.11,
AAPL,20-05-2022,137.59,
AAPL,19-05-2022,137.35,
AAPL,18-05-2022,140.82,
AAPL,17-05-2022,149.24,
AAPL,16-05-2022,145.54,
AAPL,13-05-2022,147.11,
AAPL,12-05-2022,142.56,
AAPL,11-05-2022,146.5,
AAPL,10-05-2022,154.51,
AAPL,09-05-2022,152.06,
AAPL,06-05-2022,157.28,
AAPL,05-05-2022,156.77,
AAPL,04-05-2022,166.02,
AAPL,03-05-2022,159.48,
AAPL,02-05-2022,157.96,
AAPL,29-04-2022,157.65,
AAPL,28-04-2022,163.64,
AAPL,27-04-2022,156.57,
AAPL,26-04-2022,156.8,
AAPL,25-04-2022,162.88,
AAPL,22-04-2022,161.79,
AAPL,21-04-2022,166.42,
AAPL,20-04-2022,167.23,
AAPL,19-04-2022,167.4,
AAPL,18-04-2022,165.07,
AAPL,14-04-2022,165.29,
AAPL,13-04-2022,170.4,
AAPL,12-04-2022,167.66,
AAPL,11-04-2022,165.75,
AAPL,08-04-2022,170.09,
AAPL,07-04-2022,172.14,
AAPL,06-04-2022,171.83,
AAPL,05-04-2022,175.06,
AAPL,04-04-2022,178.44,
AAPL,01-04-2022,174.31,
AAPL,31-03-2022,174.61,
AAPL,30-03-2022,177.77,
AAPL,29-03-2022,178.96,
AAPL,28-03-2022,175.6,
AAPL,25-03-2022,174.72,
AAPL,24-03-2022,174.07,
AAPL,23-03-2022,170.21,
AAPL,22-03-2022,168.82,
AAPL,21-03-2022,165.38,
AAPL,18-03-2022,163.98,
AAPL,17-03-2022,160.62,
AAPL,16-03-2022,159.59,
AAPL,15-03-2022,155.09,
AAPL,14-03-2022,150.62,
AAPL,11-03-2022,154.73,
AAPL,10-03-2022,158.52,
AAPL,09-03-2022,162.95,
AAPL,08-03-2022,157.44,
AAPL,07-03-2022,159.3,
AAPL,04-03-2022,163.17,
AAPL,03-03-2022,166.23,
AAPL,02-03-2022,166.56,
AAPL,01-03-2022,163.2,
AAPL,28-02-2022,165.12,
AAPL,25-02-2022,164.85,
AAPL,24-02-2022,162.74,
AAPL,23-02-2022,160.07,
AAPL,22-02-2022,164.32,
AAPL,18-02-2022,167.3,
AAPL,17-02-2022,168.88,
AAPL,16-02-2022,172.55,
AAPL,15-02-2022,172.79,
AAPL,14-02-2022,168.88,
AAPL,11-02-2022,168.64,
AAPL,10-02-2022,172.12,
AAPL,09-02-2022,176.28,
AAPL,08-02-2022,174.83,
AAPL,07-02-2022,171.66,
AAPL,04-02-2022,172.39,
AAPL,03-02-2022,172.9,
AAPL,02-02-2022,175.84,
AAPL,01-02-2022,174.61,
AAPL,31-01-2022,174.78,
AAPL,28-01-2022,170.33,
AAPL,27-01-2022,159.22,
AAPL,26-01-2022,159.69,
AAPL,25-01-2022,159.78,
AAPL,24-01-2022,161.62,
AAPL,21-01-2022,162.41,
AAPL,20-01-2022,164.51,
AAPL,19-01-2022,166.23,
AAPL,18-01-2022,169.8,
AAPL,14-01-2022,173.07,
AAPL,13-01-2022,172.19,
AAPL,12-01-2022,175.53,
AAPL,11-01-2022,175.08,
AAPL,10-01-2022,172.19,
AAPL,07-01-2022,172.17,
AAPL,06-01-2022,172,
AAPL,05-01-2022,174.92,
AAPL,04-01-2022,179.7,
AAPL,03-01-2022,182.01,
AAPL,31-12-2021,177.57,
AAPL,30-12-2021,178.2,
AAPL,29-12-2021,179.38,
AAPL,28-12-2021,179.29,
AAPL,27-12-2021,180.33,
AAPL,23-12-2021,176.28,
AAPL,22-12-2021,175.64,
AAPL,21-12-2021,172.99,
AAPL,20-12-2021,169.75,
AAPL,17-12-2021,171.14,
AAPL,16-12-2021,172.26,
AAPL,15-12-2021,179.3,
AAPL,14-12-2021,174.33,
AAPL,13-12-2021,175.74,
AAPL,10-12-2021,179.45,
AAPL,09-12-2021,174.56,
AAPL,08-12-2021,175.08,
AAPL,07-12-2021,171.18,
AAPL,06-12-2021,165.32,
AAPL,03-12-2021,161.84,
AAPL,02-12-2021,163.76,
AAPL,01-12-2021,164.77,
AAPL,30-11-2021,165.3,
AAPL,29-11-2021,160.24,
AAPL,26-11-2021,156.81,
AAPL,24-11-2021,161.94,
AAPL,23-11-2021,161.41,
AAPL,22-11-2021,161.02,
AAPL,19-11-2021,160.55,
AAPL,18-11-2021,157.87,
AAPL,17-11-2021,153.49,
AAPL,16-11-2021,151,
AAPL,15-11-2021,150,
AAPL,12-11-2021,149.99,
AAPL,11-11-2021,147.87,
AAPL,10-11-2021,147.92,
AAPL,09-11-2021,150.81,
AAPL,08-11-2021,150.44,
AAPL,05-11-2021,151.28,
AAPL,04-11-2021,150.96,
AAPL,03-11-2021,151.49,
AAPL,02-11-2021,150.02,
AAPL,01-11-2021,148.96,
AAPL,29-10-2021,149.8,
AAPL,28-10-2021,152.57,
AAPL,27-10-2021,148.85,
AAPL,26-10-2021,149.32,
AAPL,25-10-2021,148.64,
AAPL,22-10-2021,148.69,
AAPL,21-10-2021,149.48,
AAPL,20-10-2021,149.26,
AAPL,19-10-2021,148.76,
AAPL,18-10-2021,146.55,
AAPL,15-10-2021,144.84,
AAPL,14-10-2021,143.76,
AAPL,13-10-2021,140.91,
AAPL,12-10-2021,141.51,
AAPL,11-10-2021,142.81,
AAPL,08-10-2021,142.9,
AAPL,07-10-2021,143.29,
AAPL,06-10-2021,142,
AAPL,05-10-2021,141.11,
AAPL,04-10-2021,139.14,
AAPL,01-10-2021,142.65,
AAPL,30-09-2021,141.5,
AAPL,29-09-2021,142.83,
AAPL,28-09-2021,141.91,
AAPL,27-09-2021,145.37,
AAPL,24-09-2021,146.92,
AAPL,23-09-2021,146.83,
AAPL,22-09-2021,145.85,
AAPL,21-09-2021,143.43,
AAPL,20-09-2021,142.94,
AAPL,17-09-2021,146.06,
AAPL,16-09-2021,148.79,
AAPL,15-09-2021,149.03,
AAPL,14-09-2021,148.12,
AAPL,13-09-2021,149.55,
AAPL,10-09-2021,148.97,
AAPL,09-09-2021,154.07,
AAPL,08-09-2021,155.11,
AAPL,07-09-2021,156.69,
AAPL,03-09-2021,154.3,
AAPL,02-09-2021,153.65,
AAPL,01-09-2021,152.51,
AAPL,31-08-2021,151.83,
AAPL,30-08-2021,153.12,
AAPL,27-08-2021,148.6,
AAPL,26-08-2021,147.54,
AAPL,25-08-2021,148.36,
AAPL,24-08-2021,149.62,
AAPL,23-08-2021,149.71,
AAPL,20-08-2021,148.19,
AAPL,19-08-2021,146.7,
AAPL,18-08-2021,146.36,
AAPL,17-08-2021,150.19,
AAPL,16-08-2021,151.12,
AAPL,13-08-2021,149.1,
AAPL,12-08-2021,148.89,
AAPL,11-08-2021,145.86,
AAPL,10-08-2021,145.6,
AAPL,09-08-2021,146.09,
AAPL,06-08-2021,146.14,
AAPL,05-08-2021,147.06,
AAPL,04-08-2021,146.95,
AAPL,03-08-2021,147.36,
AAPL,02-08-2021,145.52,
AAPL,30-07-2021,145.86,
AAPL,29-07-2021,145.64,
AAPL,28-07-2021,144.98,
AAPL,27-07-2021,146.77,
AAPL,26-07-2021,148.99,
AAPL,23-07-2021,148.56,
AAPL,22-07-2021,146.8,
AAPL,21-07-2021,145.4,
AAPL,20-07-2021,146.15,
AAPL,19-07-2021,142.45,
AAPL,16-07-2021,146.39,
AAPL,15-07-2021,148.48,
AAPL,14-07-2021,149.15,
AAPL,13-07-2021,145.64,
AAPL,12-07-2021,144.5,
AAPL,09-07-2021,145.11,
AAPL,08-07-2021,143.24,
AAPL,07-07-2021,144.57,
AAPL,06-07-2021,142.02,
AAPL,02-07-2021,139.96,
AAPL,01-07-2021,137.27,
AAPL,30-06-2021,136.96,
AAPL,29-06-2021,136.33,
AAPL,28-06-2021,134.78,
AAPL,25-06-2021,133.11,
AAPL,24-06-2021,133.41,
AAPL,23-06-2021,133.7,
AAPL,22-06-2021,133.98,
AAPL,21-06-2021,132.3,
AAPL,18-06-2021,130.46,
AAPL,17-06-2021,131.79,
AAPL,16-06-2021,130.15,
AAPL,15-06-2021,129.64,
AAPL,14-06-2021,130.48,
AAPL,11-06-2021,127.35,
AAPL,10-06-2021,126.11,
AAPL,09-06-2021,127.13,
AAPL,08-06-2021,126.74,
AAPL,07-06-2021,125.9,
AAPL,04-06-2021,125.89,
AAPL,03-06-2021,123.54,
AAPL,02-06-2021,125.06,
AAPL,01-06-2021,124.28,
AAPL,28-05-2021,124.61,
AAPL,27-05-2021,125.28,
AAPL,26-05-2021,126.85,
AAPL,25-05-2021,126.9,
AAPL,24-05-2021,127.1,
AAPL,21-05-2021,125.43,
AAPL,20-05-2021,127.31,
AAPL,19-05-2021,124.69,
AAPL,18-05-2021,124.85,
AAPL,17-05-2021,126.27,
AAPL,14-05-2021,127.45,
AAPL,13-05-2021,124.97,
AAPL,12-05-2021,122.77,
AAPL,11-05-2021,125.91,
AAPL,10-05-2021,126.85,
AAPL,07-05-2021,130.21,
AAPL,06-05-2021,129.74,
AAPL,05-05-2021,128.1,
AAPL,04-05-2021,127.85,
AAPL,03-05-2021,132.54,
AAPL,30-04-2021,131.46,
AAPL,29-04-2021,133.48,
AAPL,28-04-2021,133.58,
AAPL,27-04-2021,134.39,
AAPL,26-04-2021,134.72,
AAPL,23-04-2021,134.32,
AAPL,22-04-2021,131.94,
AAPL,21-04-2021,133.5,
AAPL,20-04-2021,133.11,
AAPL,19-04-2021,134.84,
AAPL,16-04-2021,134.16,
AAPL,15-04-2021,134.5,
AAPL,14-04-2021,132.03,
AAPL,13-04-2021,134.43,
AAPL,12-04-2021,131.24,
AAPL,09-04-2021,133,
AAPL,08-04-2021,130.36,
AAPL,07-04-2021,127.9,
AAPL,06-04-2021,126.21,
AAPL,05-04-2021,125.9,
AAPL,01-04-2021,123,
AAPL,31-03-2021,122.15,
AAPL,30-03-2021,119.9,
AAPL,29-03-2021,121.39,
AAPL,26-03-2021,121.21,
AAPL,25-03-2021,120.59,
AAPL,24-03-2021,120.09,
AAPL,23-03-2021,122.54,
AAPL,22-03-2021,123.39,
AAPL,19-03-2021,119.99,
AAPL,18-03-2021,120.53,
AAPL,17-03-2021,124.76,
AAPL,16-03-2021,125.57,
AAPL,15-03-2021,123.99,
AAPL,12-03-2021,121.03,
AAPL,11-03-2021,121.96,
AAPL,10-03-2021,119.98,
AAPL,09-03-2021,121.09,
AAPL,08-03-2021,116.36,
AAPL,05-03-2021,121.42,
AAPL,04-03-2021,120.13,
AAPL,03-03-2021,122.06,
AAPL,02-03-2021,125.12,
AAPL,01-03-2021,127.79,
AAPL,26-02-2021,121.26,
AAPL,25-02-2021,120.99,
AAPL,24-02-2021,125.35,
AAPL,23-02-2021,125.86,
AAPL,22-02-2021,126,
AAPL,19-02-2021,129.87,
AAPL,18-02-2021,129.71,
AAPL,17-02-2021,130.84,
AAPL,16-02-2021,133.19,
AAPL,12-02-2021,135.37,
AAPL,11-02-2021,135.13,
AAPL,10-02-2021,135.39,
AAPL,09-02-2021,136.01,
AAPL,08-02-2021,136.91,
AAPL,05-02-2021,136.76,
AAPL,04-02-2021,137.39,
AAPL,03-02-2021,133.94,
AAPL,02-02-2021,134.99,
AAPL,01-02-2021,134.14,
AAPL,29-01-2021,131.96,
AAPL,28-01-2021,137.09,
AAPL,27-01-2021,142.06,
AAPL,26-01-2021,143.16,
AAPL,25-01-2021,142.92,
AAPL,22-01-2021,139.07,
AAPL,21-01-2021,136.87,
AAPL,20-01-2021,132.03,
AAPL,19-01-2021,127.83,
AAPL,15-01-2021,127.14,
AAPL,14-01-2021,128.91,
AAPL,13-01-2021,130.89,
AAPL,12-01-2021,128.8,
AAPL,11-01-2021,128.98,
AAPL,08-01-2021,132.05,
AAPL,07-01-2021,130.92,
AAPL,06-01-2021,126.6,
AAPL,05-01-2021,131.01,
AAPL,04-01-2021,129.41,
AAPL,31-12-2020,132.69,
AAPL,30-12-2020,133.72,
AAPL,29-12-2020,134.87,
AAPL,28-12-2020,136.69,
AAPL,24-12-2020,131.97,
AAPL,23-12-2020,130.96,
AAPL,22-12-2020,131.88,
AAPL,21-12-2020,128.23,
AAPL,18-12-2020,126.66,
AAPL,17-12-2020,128.7,
AAPL,16-12-2020,127.81,
AAPL,15-12-2020,127.88,
AAPL,14-12-2020,121.78,
AAPL,11-12-2020,122.41,
AAPL,10-12-2020,123.24,
AAPL,09-12-2020,121.78,
AAPL,08-12-2020,124.38,
AAPL,07-12-2020,123.75,
AAPL,04-12-2020,122.25,
AAPL,03-12-2020,122.94,
AAPL,02-12-2020,123.08,
AAPL,01-12-2020,122.72,
AAPL,30-11-2020,119.05,
AAPL,27-11-2020,116.59,
AAPL,25-11-2020,116.03,
AAPL,24-11-2020,115.17,
AAPL,23-11-2020,113.85,
AAPL,20-11-2020,117.34,
AAPL,19-11-2020,118.64,
AAPL,18-11-2020,118.03,
AAPL,17-11-2020,119.39,
AAPL,16-11-2020,120.3,
AAPL,13-11-2020,119.26,
AAPL,12-11-2020,119.21,
AAPL,11-11-2020,119.49,
AAPL,10-11-2020,115.97,
AAPL,09-11-2020,116.32,
AAPL,06-11-2020,118.69,
AAPL,05-11-2020,119.03,
AAPL,04-11-2020,114.95,
AAPL,03-11-2020,110.44,
AAPL,02-11-2020,108.77,
AAPL,30-10-2020,108.86,
AAPL,29-10-2020,115.32,
AAPL,28-10-2020,111.2,
AAPL,27-10-2020,116.6,
AAPL,26-10-2020,115.05,
AAPL,23-10-2020,115.04,
AAPL,22-10-2020,115.75,
AAPL,21-10-2020,116.87,
AAPL,20-10-2020,117.51,
AAPL,19-10-2020,115.98,
AAPL,16-10-2020,119.02,
AAPL,15-10-2020,120.71,
AAPL,14-10-2020,121.19,
AAPL,13-10-2020,121.1,
AAPL,12-10-2020,124.4,
AAPL,09-10-2020,116.97,
AAPL,08-10-2020,114.97,
AAPL,07-10-2020,115.08,
AAPL,06-10-2020,113.16,
AAPL,05-10-2020,116.5,
AAPL,02-10-2020,113.02,
AAPL,01-10-2020,116.79,
AAPL,30-09-2020,115.81,
AAPL,29-09-2020,114.09,
AAPL,28-09-2020,114.96,
AAPL,25-09-2020,112.28,
AAPL,24-09-2020,108.22,
AAPL,23-09-2020,107.12,
AAPL,22-09-2020,111.81,
AAPL,21-09-2020,110.08,
AAPL,18-09-2020,106.84,
AAPL,17-09-2020,110.34,
AAPL,16-09-2020,112.13,
AAPL,15-09-2020,115.54,
AAPL,14-09-2020,115.36,
AAPL,11-09-2020,112,
AAPL,10-09-2020,113.49,
AAPL,09-09-2020,117.32,
AAPL,08-09-2020,112.82,
AAPL,04-09-2020,120.96,
AAPL,03-09-2020,120.88,
AAPL,02-09-2020,131.4,
AAPL,01-09-2020,134.18,
AAPL,31-08-2020,129.04,
AAPL,28-08-2020,124.81,
AAPL,27-08-2020,125.01,
AAPL,26-08-2020,126.52,
AAPL,25-08-2020,124.83,
AAPL,24-08-2020,125.86,
AAPL,21-08-2020,124.37,
AAPL,20-08-2020,118.28,
AAPL,19-08-2020,115.71,
AAPL,18-08-2020,115.56,
AAPL,17-08-2020,114.61,
AAPL,14-08-2020,114.91,
AAPL,13-08-2020,115.01,
AAPL,12-08-2020,113.01,
AAPL,11-08-2020,109.38,
AAPL,10-08-2020,112.73,
AAPL,07-08-2020,111.11,
AAPL,06-08-2020,113.9,
AAPL,05-08-2020,110.06,
AAPL,04-08-2020,109.67,
AAPL,03-08-2020,108.94,
AAPL,31-07-2020,106.26,
AAPL,30-07-2020,96.19,
AAPL,29-07-2020,95.04,
AAPL,28-07-2020,93.25,
AAPL,27-07-2020,94.81,
AAPL,24-07-2020,92.62,
AAPL,23-07-2020,92.85,
AAPL,22-07-2020,97.27,
AAPL,21-07-2020,97,
AAPL,20-07-2020,98.36,
AAPL,17-07-2020,96.33,
AAPL,16-07-2020,96.52,
AAPL,15-07-2020,97.73,
AAPL,14-07-2020,97.06,
AAPL,13-07-2020,95.48,
AAPL,10-07-2020,95.92,
AAPL,09-07-2020,95.68,
AAPL,08-07-2020,95.34,
AAPL,07-07-2020,93.17,
AAPL,06-07-2020,93.46,
AAPL,02-07-2020,91.03,
AAPL,01-07-2020,91.03,
AAPL,30-06-2020,91.2,
AAPL,29-06-2020,90.45,
AAPL,26-06-2020,88.41,
AAPL,25-06-2020,91.21,
AAPL,24-06-2020,90.02,
AAPL,23-06-2020,91.63,
AAPL,22-06-2020,89.72,
AAPL,19-06-2020,87.43,
AAPL,18-06-2020,87.93,
AAPL,17-06-2020,87.9,
AAPL,16-06-2020,88.02,
AAPL,15-06-2020,85.75,
AAPL,12-06-2020,84.7,
AAPL,11-06-2020,83.98,
AAPL,10-06-2020,88.21,
AAPL,09-06-2020,86,
AAPL,08-06-2020,83.37,
AAPL,05-06-2020,82.88,
AAPL,04-06-2020,80.58,
AAPL,03-06-2020,81.28,
AAPL,02-06-2020,80.84,
AAPL,01-06-2020,80.46,
AAPL,29-05-2020,79.49,
AAPL,28-05-2020,79.56,
AAPL,27-05-2020,79.53,
AAPL,26-05-2020,79.18,
AAPL,22-05-2020,79.72,
AAPL,21-05-2020,79.21,
AAPL,20-05-2020,79.81,
AAPL,19-05-2020,78.29,
AAPL,18-05-2020,78.74,
AAPL,15-05-2020,76.93,
AAPL,14-05-2020,77.39,
AAPL,13-05-2020,76.91,
AAPL,12-05-2020,77.85,
AAPL,11-05-2020,78.75,
AAPL,08-05-2020,77.53,
AAPL,07-05-2020,75.94,
AAPL,06-05-2020,75.16,
AAPL,05-05-2020,74.39,
AAPL,04-05-2020,73.29,
AAPL,01-05-2020,72.27,
AAPL,30-04-2020,73.45,
AAPL,29-04-2020,71.93,
AAPL,28-04-2020,69.65,
AAPL,27-04-2020,70.79,
AAPL,24-04-2020,70.74,
AAPL,23-04-2020,68.76,
AAPL,22-04-2020,69.03,
AAPL,21-04-2020,67.09,
AAPL,20-04-2020,69.23,
AAPL,17-04-2020,70.7,
AAPL,16-04-2020,71.67,
AAPL,15-04-2020,71.11,
AAPL,14-04-2020,71.76,
AAPL,13-04-2020,68.31,
AAPL,09-04-2020,67,
AAPL,08-04-2020,66.52,
AAPL,07-04-2020,64.86,
AAPL,06-04-2020,65.62,
AAPL,03-04-2020,60.35,
AAPL,02-04-2020,61.23,
AAPL,01-04-2020,60.23,
AAPL,31-03-2020,63.57,
AAPL,30-03-2020,63.7,
AAPL,27-03-2020,61.94,
AAPL,26-03-2020,64.61,
AAPL,25-03-2020,61.38,
AAPL,24-03-2020,61.72,
AAPL,23-03-2020,56.09,
AAPL,20-03-2020,57.31,
AAPL,19-03-2020,61.2,
AAPL,18-03-2020,61.67,
AAPL,17-03-2020,63.22,
AAPL,16-03-2020,60.55,
AAPL,13-03-2020,69.49,
AAPL,12-03-2020,62.06,
AAPL,11-03-2020,68.86,
AAPL,10-03-2020,71.34,
AAPL,09-03-2020,66.54,
AAPL,06-03-2020,72.26,
AAPL,05-03-2020,73.23,
AAPL,04-03-2020,75.69,
AAPL,03-03-2020,72.33,
AAPL,02-03-2020,74.7,
AAPL,28-02-2020,68.34,
AAPL,27-02-2020,68.38,
AAPL,26-02-2020,73.16,
AAPL,25-02-2020,72.02,
AAPL,24-02-2020,74.55,
AAPL,21-02-2020,78.26,
AAPL,20-02-2020,80.08,
AAPL,19-02-2020,80.91,
AAPL,18-02-2020,79.75,
AAPL,14-02-2020,81.24,
AAPL,13-02-2020,81.22,
AAPL,12-02-2020,81.8,
AAPL,11-02-2020,79.9,
AAPL,10-02-2020,80.39,
AAPL,07-02-2020,80.01,
AAPL,06-02-2020,81.3,
AAPL,05-02-2020,80.36,
AAPL,04-02-2020,79.71,
AAPL,03-02-2020,77.17,
AAPL,31-01-2020,77.38,
AAPL,30-01-2020,80.97,
AAPL,29-01-2020,81.09,
AAPL,28-01-2020,79.42,
AAPL,27-01-2020,77.24,
AAPL,24-01-2020,79.58,
AAPL,23-01-2020,79.81,
AAPL,22-01-2020,79.43,
AAPL,21-01-2020,79.14,
AAPL,17-01-2020,79.68,
AAPL,16-01-2020,78.81,
AAPL,15-01-2020,77.84,
AAPL,14-01-2020,78.17,
AAPL,13-01-2020,79.24,
AAPL,10-01-2020,77.58,
AAPL,09-01-2020,77.41,
AAPL,08-01-2020,75.8,
AAPL,07-01-2020,74.6,
AAPL,06-01-2020,74.95,
AAPL,03-01-2020,74.36,
AAPL,02-01-2020,75.09,
AAPL,31-12-2019,73.41,
AAPL,30-12-2019,72.88,
AAPL,27-12-2019,72.45,
AAPL,26-12-2019,72.48,
AAPL,24-12-2019,71.07,
AAPL,23-12-2019,71,
AAPL,20-12-2019,69.86,
AAPL,19-12-2019,70.01,
AAPL,18-12-2019,69.94,
AAPL,17-12-2019,70.1,
AAPL,16-12-2019,69.97,
AAPL,13-12-2019,68.79,
AAPL,12-12-2019,67.87,
AAPL,11-12-2019,67.69,
AAPL,10-12-2019,67.12,
AAPL,09-12-2019,66.73,
AAPL,06-12-2019,67.68,
AAPL,05-12-2019,66.4,
AAPL,04-12-2019,65.44,
AAPL,03-12-2019,64.86,
AAPL,02-12-2019,66.04,
AAPL,29-11-2019,66.81,
AAPL,27-11-2019,66.96,
AAPL,26-11-2019,66.07,
AAPL,25-11-2019,66.59,
AAPL,22-11-2019,65.45,
AAPL,21-11-2019,65.5,
AAPL,20-11-2019,65.8,
AAPL,19-11-2019,66.57,
AAPL,18-11-2019,66.78,
AAPL,15-11-2019,66.44,
AAPL,14-11-2019,65.66,
AAPL,13-11-2019,66.12,
AAPL,12-11-2019,65.49,
AAPL,11-11-2019,65.55,
AAPL,08-11-2019,65.04,
AAPL,07-11-2019,64.86,
AAPL,06-11-2019,64.31,
AAPL,05-11-2019,64.28,
AAPL,04-11-2019,64.38,
AAPL,01-11-2019,63.96,
AAPL,31-10-2019,62.19,
AAPL,30-10-2019,60.82,
AAPL,29-10-2019,60.82,
AAPL,28-10-2019,62.26,
AAPL,25-10-2019,61.65,
AAPL,24-10-2019,60.9,
AAPL,23-10-2019,60.8,
AAPL,22-10-2019,59.99,
AAPL,21-10-2019,60.13,
AAPL,18-10-2019,59.1,
AAPL,17-10-2019,58.82,
AAPL,16-10-2019,58.59,
AAPL,15-10-2019,58.83,
AAPL,14-10-2019,58.97,
AAPL,11-10-2019,59.05,
AAPL,10-10-2019,57.52,
AAPL,09-10-2019,56.76,
AAPL,08-10-2019,56.1,
AAPL,07-10-2019,56.77,
AAPL,04-10-2019,56.75,
AAPL,03-10-2019,55.21,
AAPL,02-10-2019,54.74,
AAPL,01-10-2019,56.15,
AAPL,30-09-2019,55.99,
AAPL,27-09-2019,54.71,
AAPL,26-09-2019,54.97,
AAPL,25-09-2019,55.26,
AAPL,24-09-2019,54.42,
AAPL,23-09-2019,54.68,
AAPL,20-09-2019,54.43,
AAPL,19-09-2019,55.24,
AAPL,18-09-2019,55.69,
AAPL,17-09-2019,55.18,
AAPL,16-09-2019,54.98,
AAPL,13-09-2019,54.69,
AAPL,12-09-2019,55.77,
AAPL,11-09-2019,55.9,
AAPL,10-09-2019,54.18,
AAPL,09-09-2019,53.54,
AAPL,06-09-2019,53.32,
AAPL,05-09-2019,53.32,
AAPL,04-09-2019,52.3,
AAPL,03-09-2019,51.43,
AAPL,30-08-2019,52.19,
AAPL,29-08-2019,52.25,
AAPL,28-08-2019,51.38,
AAPL,27-08-2019,51.04,
AAPL,26-08-2019,51.62,
AAPL,23-08-2019,50.66,
AAPL,22-08-2019,53.12,
AAPL,21-08-2019,53.16,
AAPL,20-08-2019,52.59,
AAPL,19-08-2019,52.59,
AAPL,16-08-2019,51.63,
AAPL,15-08-2019,50.44,
AAPL,14-08-2019,50.69,
AAPL,13-08-2019,52.24,
AAPL,12-08-2019,50.12,
AAPL,09-08-2019,50.25,
AAPL,08-08-2019,50.86,
AAPL,07-08-2019,49.76,
AAPL,06-08-2019,49.25,
AAPL,05-08-2019,48.34,
AAPL,02-08-2019,51.01,
AAPL,01-08-2019,52.11,
AAPL,31-07-2019,53.26,
AAPL,30-07-2019,52.2,
AAPL,29-07-2019,52.42,
AAPL,26-07-2019,51.94,
AAPL,25-07-2019,51.76,
AAPL,24-07-2019,52.17,
AAPL,23-07-2019,52.21,
AAPL,22-07-2019,51.81,
AAPL,19-07-2019,50.65,
AAPL,18-07-2019,51.42,
AAPL,17-07-2019,50.84,
AAPL,16-07-2019,51.13,
AAPL,15-07-2019,51.3,
AAPL,12-07-2019,50.83,
AAPL,11-07-2019,50.44,
AAPL,10-07-2019,50.81,
AAPL,09-07-2019,50.31,
AAPL,08-07-2019,50.01,
AAPL,05-07-2019,51.06,
AAPL,03-07-2019,51.1,
AAPL,02-07-2019,50.68,
AAPL,01-07-2019,50.39,
AAPL,28-06-2019,49.48,
AAPL,27-06-2019,49.94,
AAPL,26-06-2019,49.95,
AAPL,25-06-2019,48.89,
AAPL,24-06-2019,49.65,
AAPL,21-06-2019,49.7,
AAPL,20-06-2019,49.87,
AAPL,19-06-2019,49.47,
AAPL,18-06-2019,49.61,
AAPL,17-06-2019,48.47,
AAPL,14-06-2019,48.19,
AAPL,13-06-2019,48.54,
AAPL,12-06-2019,48.55,
AAPL,11-06-2019,48.7,
AAPL,10-06-2019,48.15,
AAPL,07-06-2019,47.54,
AAPL,06-06-2019,46.31,
AAPL,05-06-2019,45.64,
AAPL,04-06-2019,44.91,
AAPL,03-06-2019,43.33,
AAPL,31-05-2019,43.77,
AAPL,30-05-2019,44.58,
AAPL,29-05-2019,44.35,
AAPL,28-05-2019,44.56,
AAPL,24-05-2019,44.74,
AAPL,23-05-2019,44.92,
AAPL,22-05-2019,45.7,
AAPL,21-05-2019,46.65,
AAPL,20-05-2019,45.77,
AAPL,17-05-2019,47.25,
AAPL,16-05-2019,47.52,
AAPL,15-05-2019,47.73,
AAPL,14-05-2019,47.17,
AAPL,13-05-2019,46.43,
AAPL,10-05-2019,49.3,
AAPL,09-05-2019,50.18,
AAPL,08-05-2019,50.73,
AAPL,07-05-2019,50.72,
AAPL,06-05-2019,52.12,
AAPL,03-05-2019,52.94,
AAPL,02-05-2019,52.29,
AAPL,01-05-2019,52.63,
AAPL,30-04-2019,50.17,
AAPL,29-04-2019,51.15,
AAPL,26-04-2019,51.08,
AAPL,25-04-2019,51.32,
AAPL,24-04-2019,51.79,
AAPL,23-04-2019,51.87,
AAPL,22-04-2019,51.13,
AAPL,18-04-2019,50.97,
AAPL,17-04-2019,50.78,
AAPL,16-04-2019,49.81,
AAPL,15-04-2019,49.81,
AAPL,12-04-2019,49.72,
AAPL,11-04-2019,49.74,
AAPL,10-04-2019,50.16,
AAPL,09-04-2019,49.88,
AAPL,08-04-2019,50.03,
AAPL,05-04-2019,49.25,
AAPL,04-04-2019,48.92,
AAPL,03-04-2019,48.84,
AAPL,02-04-2019,48.51,
AAPL,01-04-2019,47.81,
AAPL,29-03-2019,47.49,
AAPL,28-03-2019,47.18,
AAPL,27-03-2019,47.12,
AAPL,26-03-2019,46.7,
AAPL,25-03-2019,47.19,
AAPL,22-03-2019,47.76,
AAPL,21-03-2019,48.77,
AAPL,20-03-2019,47.04,
AAPL,19-03-2019,46.63,
AAPL,18-03-2019,47.01,
AAPL,15-03-2019,46.53,
AAPL,14-03-2019,45.93,
AAPL,13-03-2019,45.43,
AAPL,12-03-2019,45.23,
AAPL,11-03-2019,44.73,
AAPL,08-03-2019,43.23,
AAPL,07-03-2019,43.13,
AAPL,06-03-2019,43.63,
AAPL,05-03-2019,43.88,
AAPL,04-03-2019,43.96,
AAPL,01-03-2019,43.74,
AAPL,28-02-2019,43.29,
AAPL,27-02-2019,43.72,
AAPL,26-02-2019,43.58,
AAPL,25-02-2019,43.56,
AAPL,22-02-2019,43.24,
AAPL,21-02-2019,42.77,
AAPL,20-02-2019,43.01,
AAPL,19-02-2019,42.73,
AAPL,15-02-2019,42.61,
AAPL,14-02-2019,42.7,
AAPL,13-02-2019,42.55,
AAPL,12-02-2019,42.72,
AAPL,11-02-2019,42.36,
AAPL,08-02-2019,42.6,
AAPL,07-02-2019,42.74,
AAPL,06-02-2019,43.56,
AAPL,05-02-2019,43.55,
AAPL,04-02-2019,42.81,
AAPL,01-02-2019,41.63,
AAPL,31-01-2019,41.61,
AAPL,30-01-2019,41.31,
AAPL,29-01-2019,38.67,
AAPL,28-01-2019,39.08,
AAPL,25-01-2019,39.44,
AAPL,24-01-2019,38.18,
AAPL,23-01-2019,38.48,
AAPL,22-01-2019,38.33,
AAPL,18-01-2019,39.21,
AAPL,17-01-2019,38.97,
AAPL,16-01-2019,38.74,
AAPL,15-01-2019,38.27,
AAPL,14-01-2019,37.5,
AAPL,11-01-2019,38.07,
AAPL,10-01-2019,38.45,
AAPL,09-01-2019,38.33,
AAPL,08-01-2019,37.69,
AAPL,07-01-2019,36.98,
AAPL,04-01-2019,37.07,
AAPL,03-01-2019,35.55,
AAPL,02-01-2019,39.48,
AAPL,31-12-2018,39.44,
AAPL,28-12-2018,39.06,
AAPL,27-12-2018,39.04,
AAPL,26-12-2018,39.29,
AAPL,24-12-2018,36.71,
AAPL,21-12-2018,37.68,
AAPL,20-12-2018,39.21,
AAPL,19-12-2018,40.22,
AAPL,18-12-2018,41.52,
AAPL,17-12-2018,40.99,
AAPL,14-12-2018,41.37,
AAPL,13-12-2018,42.74,
AAPL,12-12-2018,42.28,
AAPL,11-12-2018,42.16,
AAPL,10-12-2018,42.4,
AAPL,07-12-2018,42.12,
AAPL,06-12-2018,43.68,
AAPL,04-12-2018,44.17,
AAPL,03-12-2018,46.21,
AAPL,30-11-2018,44.65,
AAPL,29-11-2018,44.89,
AAPL,28-11-2018,45.24,
AAPL,27-11-2018,43.56,
AAPL,26-11-2018,43.66,
AAPL,23-11-2018,43.07,
AAPL,21-11-2018,44.2,
AAPL,20-11-2018,44.25,
AAPL,19-11-2018,46.47,
AAPL,16-11-2018,48.38,
AAPL,15-11-2018,47.85,
AAPL,14-11-2018,46.7,
AAPL,13-11-2018,48.06,
AAPL,12-11-2018,48.54,
AAPL,09-11-2018,51.12,
AAPL,08-11-2018,52.12,
AAPL,07-11-2018,52.49,
AAPL,06-11-2018,50.94,
AAPL,05-11-2018,50.4,
AAPL,02-11-2018,51.87,
AAPL,01-11-2018,55.56,
AAPL,31-10-2018,54.72,
AAPL,30-10-2018,53.33,
AAPL,29-10-2018,53.06,
AAPL,26-10-2018,54.08,
AAPL,25-10-2018,54.95,
AAPL,24-10-2018,53.77,
AAPL,23-10-2018,55.68,
AAPL,22-10-2018,55.16,
AAPL,19-10-2018,54.83,
AAPL,18-10-2018,54.01,
AAPL,17-10-2018,55.3,
AAPL,16-10-2018,55.54,
AAPL,15-10-2018,54.34,
AAPL,12-10-2018,55.53,
AAPL,11-10-2018,53.61,
AAPL,10-10-2018,54.09,
AAPL,09-10-2018,56.72,
AAPL,08-10-2018,55.94,
AAPL,05-10-2018,56.07,
AAPL,04-10-2018,57,
AAPL,03-10-2018,58.02,
AAPL,02-10-2018,57.32,
AAPL,01-10-2018,56.82,
AAPL,28-09-2018,56.44,
AAPL,27-09-2018,56.24,
AAPL,26-09-2018,55.11,
AAPL,25-09-2018,55.55,
AAPL,24-09-2018,55.2,
AAPL,21-09-2018,54.42,
AAPL,20-09-2018,55.01,
AAPL,19-09-2018,54.59,
AAPL,18-09-2018,54.56,
AAPL,17-09-2018,54.47,
AAPL,14-09-2018,55.96,
AAPL,13-09-2018,56.6,
AAPL,12-09-2018,55.27,
AAPL,11-09-2018,55.96,
AAPL,10-09-2018,54.58,
AAPL,07-09-2018,55.33,
AAPL,06-09-2018,55.78,
AAPL,05-09-2018,56.72,
AAPL,04-09-2018,57.09,
AAPL,31-08-2018,56.91,
AAPL,30-08-2018,56.26,
AAPL,29-08-2018,55.75,
AAPL,28-08-2018,54.93,
AAPL,27-08-2018,54.49,
AAPL,24-08-2018,54.04,
AAPL,23-08-2018,53.87,
AAPL,22-08-2018,53.76,
AAPL,21-08-2018,53.76,
AAPL,20-08-2018,53.87,
AAPL,17-08-2018,54.4,
AAPL,16-08-2018,53.33,
AAPL,15-08-2018,52.56,
AAPL,14-08-2018,52.44,
AAPL,13-08-2018,52.22,
AAPL,10-08-2018,51.88,
AAPL,09-08-2018,52.22,
AAPL,08-08-2018,51.81,
AAPL,07-08-2018,51.78,
AAPL,06-08-2018,52.27,
AAPL,03-08-2018,52,
AAPL,02-08-2018,51.85,
AAPL,01-08-2018,50.38,
AAPL,31-07-2018,47.57,
AAPL,30-07-2018,47.48,
AAPL,27-07-2018,47.75,
AAPL,26-07-2018,48.55,
AAPL,25-07-2018,48.71,
AAPL,24-07-2018,48.25,
AAPL,23-07-2018,47.9,
AAPL,20-07-2018,47.86,
AAPL,19-07-2018,47.97,
AAPL,18-07-2018,47.6,
AAPL,17-07-2018,47.86,
AAPL,16-07-2018,47.73,
AAPL,13-07-2018,47.83,
AAPL,12-07-2018,47.76,
AAPL,11-07-2018,46.97,
AAPL,10-07-2018,47.59,
AAPL,09-07-2018,47.65,
AAPL,06-07-2018,46.99,
AAPL,05-07-2018,46.35,
AAPL,03-07-2018,45.98,
AAPL,02-07-2018,46.8,
AAPL,29-06-2018,46.28,
AAPL,28-06-2018,46.38,
AAPL,27-06-2018,46.04,
AAPL,26-06-2018,46.11,
AAPL,25-06-2018,45.54,
AAPL,22-06-2018,46.23,
AAPL,21-06-2018,46.37,
AAPL,20-06-2018,46.63,
AAPL,19-06-2018,46.42,
AAPL,18-06-2018,47.19,
AAPL,15-06-2018,47.21,
AAPL,14-06-2018,47.7,
AAPL,13-06-2018,47.68,
AAPL,12-06-2018,48.07,
AAPL,11-06-2018,47.81,
AAPL,08-06-2018,47.93,
AAPL,07-06-2018,48.37,
AAPL,06-06-2018,48.5,
AAPL,05-06-2018,48.33,
AAPL,04-06-2018,47.96,
AAPL,01-06-2018,47.56,
AAPL,31-05-2018,46.72,
AAPL,30-05-2018,46.88,
AAPL,29-05-2018,46.98,
AAPL,25-05-2018,47.15,
AAPL,24-05-2018,47.04,
AAPL,23-05-2018,47.09,
AAPL,22-05-2018,46.79,
AAPL,21-05-2018,46.91,
AAPL,18-05-2018,46.58,
AAPL,17-05-2018,46.75,
AAPL,16-05-2018,47.05,
AAPL,15-05-2018,46.61,
AAPL,14-05-2018,47.04,
AAPL,11-05-2018,47.15,
AAPL,10-05-2018,47.51,
AAPL,09-05-2018,46.84,
AAPL,08-05-2018,46.51,
AAPL,07-05-2018,46.29,
AAPL,04-05-2018,45.96,
AAPL,03-05-2018,44.22,
AAPL,02-05-2018,44.14,
AAPL,01-05-2018,42.28,
AAPL,30-04-2018,41.32,
AAPL,27-04-2018,40.58,
AAPL,26-04-2018,41.06,
AAPL,25-04-2018,40.91,
AAPL,24-04-2018,40.74,
AAPL,23-04-2018,41.31,
AAPL,20-04-2018,41.43,
AAPL,19-04-2018,43.2,
AAPL,18-04-2018,44.46,
AAPL,17-04-2018,44.56,
AAPL,16-04-2018,43.96,
AAPL,13-04-2018,43.68,
AAPL,12-04-2018,43.54,
AAPL,11-04-2018,43.11,
AAPL,10-04-2018,43.31,
AAPL,09-04-2018,42.51,
AAPL,06-04-2018,42.1,
AAPL,05-04-2018,43.2,
AAPL,04-04-2018,42.9,
AAPL,03-04-2018,42.1,
AAPL,02-04-2018,41.67,
AAPL,29-03-2018,41.95,
AAPL,28-03-2018,41.62,
AAPL,27-03-2018,42.09,
AAPL,26-03-2018,43.19,
AAPL,23-03-2018,41.24,
AAPL,22-03-2018,42.21,
AAPL,21-03-2018,42.82,
AAPL,20-03-2018,43.81,
AAPL,19-03-2018,43.83,
AAPL,16-03-2018,44.51,
AAPL,15-03-2018,44.66,
AAPL,14-03-2018,44.61,
AAPL,13-03-2018,44.99,
AAPL,12-03-2018,45.43,
AAPL,09-03-2018,45,
AAPL,08-03-2018,44.24,
AAPL,07-03-2018,43.76,
AAPL,06-03-2018,44.17,
AAPL,05-03-2018,44.21,
AAPL,02-03-2018,44.05,
AAPL,01-03-2018,43.75,
AAPL,28-02-2018,44.53,
AAPL,27-02-2018,44.6,
AAPL,26-02-2018,44.74,
AAPL,23-02-2018,43.88,
AAPL,22-02-2018,43.13,
AAPL,21-02-2018,42.77,
AAPL,20-02-2018,42.96,
AAPL,16-02-2018,43.11,
AAPL,15-02-2018,43.25,
AAPL,14-02-2018,41.84,
AAPL,13-02-2018,41.09,
AAPL,12-02-2018,40.68,
AAPL,09-02-2018,39.1,
AAPL,08-02-2018,38.79,
AAPL,07-02-2018,39.89,
AAPL,06-02-2018,40.76,
AAPL,05-02-2018,39.12,
AAPL,02-02-2018,40.13,
AAPL,01-02-2018,41.95,
AAPL,31-01-2018,41.86,
AAPL,30-01-2018,41.74,
AAPL,29-01-2018,41.99,
AAPL,26-01-2018,42.88,
AAPL,25-01-2018,42.78,
AAPL,24-01-2018,43.56,
AAPL,23-01-2018,44.26,
AAPL,22-01-2018,44.25,
AAPL,19-01-2018,44.62,
AAPL,18-01-2018,44.82,
AAPL,17-01-2018,44.78,
AAPL,16-01-2018,44.05,
AAPL,12-01-2018,44.27,
AAPL,11-01-2018,43.82,
AAPL,10-01-2018,43.57,
AAPL,09-01-2018,43.58,
AAPL,08-01-2018,43.59,
AAPL,05-01-2018,43.75,
AAPL,04-01-2018,43.26,
AAPL,03-01-2018,43.06,
AAPL,02-01-2018,43.07,
AAPL,29-12-2017,42.31,
AAPL,28-12-2017,42.77,
AAPL,27-12-2017,42.65,
AAPL,26-12-2017,42.64,
AAPL,22-12-2017,43.75,
AAPL,21-12-2017,43.75,
AAPL,20-12-2017,43.59,
AAPL,19-12-2017,43.64,
AAPL,18-12-2017,44.11,
AAPL,15-12-2017,43.49,
AAPL,14-12-2017,43.06,
AAPL,13-12-2017,43.07,
AAPL,12-12-2017,42.93,
AAPL,11-12-2017,43.17,
AAPL,08-12-2017,42.34,
AAPL,07-12-2017,42.33,
AAPL,06-12-2017,42.25,
AAPL,05-12-2017,42.41,
AAPL,04-12-2017,42.45,
AAPL,01-12-2017,42.76,
AAPL,30-11-2017,42.96,
AAPL,29-11-2017,42.37,
AAPL,28-11-2017,43.27,
AAPL,27-11-2017,43.52,
AAPL,24-11-2017,43.74,
AAPL,22-11-2017,43.74,
AAPL,21-11-2017,43.29,
AAPL,20-11-2017,42.5,
AAPL,17-11-2017,42.54,
AAPL,16-11-2017,42.78,
AAPL,15-11-2017,42.27,
AAPL,14-11-2017,42.84,
AAPL,13-11-2017,43.49,
AAPL,10-11-2017,43.67,
AAPL,09-11-2017,43.97,
AAPL,08-11-2017,44.06,
AAPL,07-11-2017,43.7,
AAPL,06-11-2017,43.56,
AAPL,03-11-2017,43.13,
AAPL,02-11-2017,42.03,
AAPL,01-11-2017,41.72,
AAPL,31-10-2017,42.26,
AAPL,30-10-2017,41.68,
AAPL,27-10-2017,40.76,
AAPL,26-10-2017,39.35,
AAPL,25-10-2017,39.1,
AAPL,24-10-2017,39.28,
AAPL,23-10-2017,39.04,
AAPL,20-10-2017,39.06,
AAPL,19-10-2017,39,
AAPL,18-10-2017,39.94,
AAPL,17-10-2017,40.12,
AAPL,16-10-2017,39.97,
AAPL,13-10-2017,39.25,
AAPL,12-10-2017,39,
AAPL,11-10-2017,39.14,
AAPL,10-10-2017,38.98,
AAPL,09-10-2017,38.96,
AAPL,06-10-2017,38.83,
AAPL,05-10-2017,38.85,
AAPL,04-10-2017,38.37,
AAPL,03-10-2017,38.62,
AAPL,02-10-2017,38.45,
AAPL,29-09-2017,38.53,
AAPL,28-09-2017,38.32,
AAPL,27-09-2017,38.56,
AAPL,26-09-2017,38.29,
AAPL,25-09-2017,37.64,
AAPL,22-09-2017,37.97,
AAPL,21-09-2017,38.35,
AAPL,20-09-2017,39.02,
AAPL,19-09-2017,39.68,
AAPL,18-09-2017,39.67,
AAPL,15-09-2017,39.97,
AAPL,14-09-2017,39.57,
AAPL,13-09-2017,39.91,
AAPL,12-09-2017,40.22,
AAPL,11-09-2017,40.38,
AAPL,08-09-2017,39.66,
AAPL,07-09-2017,40.32,
AAPL,06-09-2017,40.48,
AAPL,05-09-2017,40.52,
AAPL,01-09-2017,41.01,
AAPL,31-08-2017,41,
AAPL,30-08-2017,40.84,
AAPL,29-08-2017,40.73,
AAPL,28-08-2017,40.37,
AAPL,25-08-2017,39.97,
AAPL,24-08-2017,39.82,
AAPL,23-08-2017,40,
AAPL,22-08-2017,39.95,
AAPL,21-08-2017,39.3,
AAPL,18-08-2017,39.38,
AAPL,17-08-2017,39.47,
AAPL,16-08-2017,40.24,
AAPL,15-08-2017,40.4,
AAPL,14-08-2017,39.96,
AAPL,11-08-2017,39.37,
AAPL,10-08-2017,38.83,
AAPL,09-08-2017,40.27,
AAPL,08-08-2017,40.02,
AAPL,07-08-2017,39.7,
AAPL,04-08-2017,39.1,
AAPL,03-08-2017,38.89,
AAPL,02-08-2017,39.29,
AAPL,01-08-2017,37.51,
AAPL,31-07-2017,37.18,
AAPL,28-07-2017,37.38,
AAPL,27-07-2017,37.64,
AAPL,26-07-2017,38.37,
AAPL,25-07-2017,38.19,
AAPL,24-07-2017,38.02,
AAPL,21-07-2017,37.57,
AAPL,20-07-2017,37.59,
AAPL,19-07-2017,37.76,
AAPL,18-07-2017,37.52,
AAPL,17-07-2017,37.39,
AAPL,14-07-2017,37.26,
AAPL,13-07-2017,36.94,
AAPL,12-07-2017,36.44,
AAPL,11-07-2017,36.38,
AAPL,10-07-2017,36.27,
AAPL,07-07-2017,36.05,
AAPL,06-07-2017,35.68,
AAPL,05-07-2017,36.02,
AAPL,03-07-2017,35.88,
AAPL,30-06-2017,36.01,
AAPL,29-06-2017,35.92,
AAPL,28-06-2017,36.46,
AAPL,27-06-2017,35.93,
AAPL,26-06-2017,36.46,
AAPL,23-06-2017,36.57,
AAPL,22-06-2017,36.41,
AAPL,21-06-2017,36.47,
AAPL,20-06-2017,36.25,
AAPL,19-06-2017,36.59,
AAPL,16-06-2017,35.57,
AAPL,15-06-2017,36.07,
AAPL,14-06-2017,36.29,
AAPL,13-06-2017,36.65,
AAPL,12-06-2017,36.36,
AAPL,09-06-2017,37.25,
AAPL,08-06-2017,38.75,
AAPL,07-06-2017,38.84,
AAPL,06-06-2017,38.61,
AAPL,05-06-2017,38.48,
AAPL,02-06-2017,38.86,
AAPL,01-06-2017,38.3,
AAPL,31-05-2017,38.19,
AAPL,30-05-2017,38.42,
AAPL,26-05-2017,38.4,
AAPL,25-05-2017,38.47,
AAPL,24-05-2017,38.34,
AAPL,23-05-2017,38.45,
AAPL,22-05-2017,38.5,
AAPL,19-05-2017,38.27,
AAPL,18-05-2017,38.14,
AAPL,17-05-2017,37.56,
AAPL,16-05-2017,38.87,
AAPL,15-05-2017,38.93,
AAPL,12-05-2017,39.03,
AAPL,11-05-2017,38.49,
AAPL,10-05-2017,38.32,
AAPL,09-05-2017,38.5,
AAPL,08-05-2017,38.25,
AAPL,05-05-2017,37.24,
AAPL,04-05-2017,36.63,
AAPL,03-05-2017,36.77,
AAPL,02-05-2017,36.88,
AAPL,01-05-2017,36.65,
AAPL,28-04-2017,35.91,
AAPL,27-04-2017,35.95,
AAPL,26-04-2017,35.92,
AAPL,25-04-2017,36.13,
AAPL,24-04-2017,35.91,
AAPL,21-04-2017,35.57,
AAPL,20-04-2017,35.61,
AAPL,19-04-2017,35.17,
AAPL,18-04-2017,35.3,
AAPL,17-04-2017,35.46,
AAPL,13-04-2017,35.26,
AAPL,12-04-2017,35.45,
AAPL,11-04-2017,35.41,
AAPL,10-04-2017,35.79,
AAPL,07-04-2017,35.84,
AAPL,06-04-2017,35.92,
AAPL,05-04-2017,36.01,
AAPL,04-04-2017,36.19,
AAPL,03-04-2017,35.93,
AAPL,31-03-2017,35.92,
AAPL,30-03-2017,35.98,
AAPL,29-03-2017,36.03,
AAPL,28-03-2017,35.95,
AAPL,27-03-2017,35.22,
AAPL,24-03-2017,35.16,
AAPL,23-03-2017,35.23,
AAPL,22-03-2017,35.36,
AAPL,21-03-2017,34.96,
AAPL,20-03-2017,35.37,
AAPL,17-03-2017,35,
AAPL,16-03-2017,35.17,
AAPL,15-03-2017,35.12,
AAPL,14-03-2017,34.75,
AAPL,13-03-2017,34.8,
AAPL,10-03-2017,34.79,
AAPL,09-03-2017,34.67,
AAPL,08-03-2017,34.75,
AAPL,07-03-2017,34.88,
AAPL,06-03-2017,34.84,
AAPL,03-03-2017,34.95,
AAPL,02-03-2017,34.74,
AAPL,01-03-2017,34.95,
AAPL,28-02-2017,34.25,
AAPL,27-02-2017,34.23,
AAPL,24-02-2017,34.17,
AAPL,23-02-2017,34.13,
AAPL,22-02-2017,34.28,
AAPL,21-02-2017,34.18,
AAPL,17-02-2017,33.93,
AAPL,16-02-2017,33.84,
AAPL,15-02-2017,33.88,
AAPL,14-02-2017,33.76,
AAPL,13-02-2017,33.32,
AAPL,10-02-2017,33.03,
AAPL,09-02-2017,33.11,
AAPL,08-02-2017,33.01,
AAPL,07-02-2017,32.88,
AAPL,06-02-2017,32.57,
AAPL,03-02-2017,32.27,
AAPL,02-02-2017,32.13,
AAPL,01-02-2017,32.19,
AAPL,31-01-2017,30.34,
AAPL,30-01-2017,30.41,
AAPL,27-01-2017,30.49,
AAPL,26-01-2017,30.49,
AAPL,25-01-2017,30.47,
AAPL,24-01-2017,29.99,
AAPL,23-01-2017,30.02,
AAPL,20-01-2017,30,
AAPL,19-01-2017,29.95,
AAPL,18-01-2017,30,
AAPL,17-01-2017,30,
AAPL,13-01-2017,29.76,
AAPL,12-01-2017,29.81,
AAPL,11-01-2017,29.94,
AAPL,10-01-2017,29.78,
AAPL,09-01-2017,29.75,
AAPL,06-01-2017,29.48,
AAPL,05-01-2017,29.15,
AAPL,04-01-2017,29.01,
AAPL,03-01-2017,29.04,
AAPL,30-12-2016,28.96,
AAPL,29-12-2016,29.18,
AAPL,28-12-2016,29.19,
AAPL,27-12-2016,29.32,
AAPL,23-12-2016,29.13,
AAPL,22-12-2016,29.07,
AAPL,21-12-2016,29.27,
AAPL,20-12-2016,29.24,
AAPL,19-12-2016,29.16,
AAPL,16-12-2016,28.99,
AAPL,15-12-2016,28.96,
AAPL,14-12-2016,28.8,
AAPL,13-12-2016,28.8,
AAPL,12-12-2016,28.33,
AAPL,09-12-2016,28.49,
AAPL,08-12-2016,28.03,
AAPL,07-12-2016,27.76,
AAPL,06-12-2016,27.49,
AAPL,05-12-2016,27.28,
AAPL,02-12-2016,27.48,
AAPL,01-12-2016,27.37,
AAPL,30-11-2016,27.63,
AAPL,29-11-2016,27.87,
AAPL,28-11-2016,27.89,
AAPL,25-11-2016,27.95,
AAPL,23-11-2016,27.81,
AAPL,22-11-2016,27.95,
AAPL,21-11-2016,27.93,
AAPL,18-11-2016,27.52,
AAPL,17-11-2016,27.49,
AAPL,16-11-2016,27.5,
AAPL,15-11-2016,26.78,
AAPL,14-11-2016,26.43,
AAPL,11-11-2016,27.11,
AAPL,10-11-2016,26.95,
AAPL,09-11-2016,27.72,
AAPL,08-11-2016,27.77,
AAPL,07-11-2016,27.6,
AAPL,04-11-2016,27.21,
AAPL,03-11-2016,27.46,
AAPL,02-11-2016,27.9,
AAPL,01-11-2016,27.87,
AAPL,31-10-2016,28.39,
AAPL,28-10-2016,28.43,
AAPL,27-10-2016,28.62,
AAPL,26-10-2016,28.9,
AAPL,25-10-2016,29.56,
AAPL,24-10-2016,29.41,
AAPL,21-10-2016,29.15,
AAPL,20-10-2016,29.27,
AAPL,19-10-2016,29.28,
AAPL,18-10-2016,29.37,
AAPL,17-10-2016,29.39,
AAPL,14-10-2016,29.41,
AAPL,13-10-2016,29.25,
AAPL,12-10-2016,29.34,
AAPL,11-10-2016,29.08,
AAPL,10-10-2016,29.01,
AAPL,07-10-2016,28.52,
AAPL,06-10-2016,28.47,
AAPL,05-10-2016,28.26,
AAPL,04-10-2016,28.25,
AAPL,03-10-2016,28.13,
AAPL,30-09-2016,28.26,
AAPL,29-09-2016,28.05,
AAPL,28-09-2016,28.49,
AAPL,27-09-2016,28.27,
AAPL,26-09-2016,28.22,
AAPL,23-09-2016,28.18,
AAPL,22-09-2016,28.66,
AAPL,21-09-2016,28.39,
AAPL,20-09-2016,28.39,
AAPL,19-09-2016,28.4,
AAPL,16-09-2016,28.73,
AAPL,15-09-2016,28.89,
AAPL,14-09-2016,27.94,
AAPL,13-09-2016,26.99,
AAPL,12-09-2016,26.36,
AAPL,09-09-2016,25.78,
AAPL,08-09-2016,26.38,
AAPL,07-09-2016,27.09,
AAPL,06-09-2016,26.93,
AAPL,02-09-2016,26.93,
AAPL,01-09-2016,26.68,
AAPL,31-08-2016,26.53,
AAPL,30-08-2016,26.5,
AAPL,29-08-2016,26.71,
AAPL,26-08-2016,26.74,
AAPL,25-08-2016,26.89,
AAPL,24-08-2016,27.01,
AAPL,23-08-2016,27.21,
AAPL,22-08-2016,27.13,
AAPL,19-08-2016,27.34,
AAPL,18-08-2016,27.27,
AAPL,17-08-2016,27.31,
AAPL,16-08-2016,27.35,
AAPL,15-08-2016,27.37,
AAPL,12-08-2016,27.05,
AAPL,11-08-2016,26.98,
AAPL,10-08-2016,27,
AAPL,09-08-2016,27.2,
AAPL,08-08-2016,27.09,
AAPL,05-08-2016,26.87,
AAPL,04-08-2016,26.47,
AAPL,03-08-2016,26.45,
AAPL,02-08-2016,26.12,
AAPL,01-08-2016,26.51,
AAPL,29-07-2016,26.05,
AAPL,28-07-2016,26.09,
AAPL,27-07-2016,25.74,
AAPL,26-07-2016,24.17,
AAPL,25-07-2016,24.34,
AAPL,22-07-2016,24.67,
AAPL,21-07-2016,24.86,
AAPL,20-07-2016,24.99,
AAPL,19-07-2016,24.97,
AAPL,18-07-2016,24.96,
AAPL,15-07-2016,24.7,
AAPL,14-07-2016,24.7,
AAPL,13-07-2016,24.22,
AAPL,12-07-2016,24.36,
AAPL,11-07-2016,24.25,
AAPL,08-07-2016,24.17,
AAPL,07-07-2016,23.99,
AAPL,06-07-2016,23.88,
AAPL,05-07-2016,23.75,
AAPL,01-07-2016,23.97,
AAPL,30-06-2016,23.9,
AAPL,29-06-2016,23.6,
AAPL,28-06-2016,23.4,
AAPL,27-06-2016,23.01,
AAPL,24-06-2016,23.35,
AAPL,23-06-2016,24.03,
AAPL,22-06-2016,23.89,
AAPL,21-06-2016,23.98,
AAPL,20-06-2016,23.78,
AAPL,17-06-2016,23.83,
AAPL,16-06-2016,24.39,
AAPL,15-06-2016,24.29,
AAPL,14-06-2016,24.37,
AAPL,13-06-2016,24.34,
AAPL,10-06-2016,24.71,
AAPL,09-06-2016,24.91,
AAPL,08-06-2016,24.74,
AAPL,07-06-2016,24.76,
AAPL,06-06-2016,24.66,
AAPL,03-06-2016,24.48,
AAPL,02-06-2016,24.43,
AAPL,01-06-2016,24.62,
AAPL,31-05-2016,24.97,
AAPL,27-05-2016,25.09,
AAPL,26-05-2016,25.1,
AAPL,25-05-2016,24.91,
AAPL,24-05-2016,24.48,
AAPL,23-05-2016,24.11,
AAPL,20-05-2016,23.81,
AAPL,19-05-2016,23.55,
AAPL,18-05-2016,23.64,
AAPL,17-05-2016,23.37,
AAPL,16-05-2016,23.47,
AAPL,13-05-2016,22.63,
AAPL,12-05-2016,22.59,
AAPL,11-05-2016,23.13,
AAPL,10-05-2016,23.36,
AAPL,09-05-2016,23.2,
AAPL,06-05-2016,23.18,
AAPL,05-05-2016,23.31,
AAPL,04-05-2016,23.55,
AAPL,03-05-2016,23.8,
AAPL,02-05-2016,23.41,
AAPL,29-04-2016,23.44,
AAPL,28-04-2016,23.71,
AAPL,27-04-2016,24.46,
AAPL,26-04-2016,26.09,
AAPL,25-04-2016,26.27,
AAPL,22-04-2016,26.42,
AAPL,21-04-2016,26.49,
AAPL,20-04-2016,26.78,
AAPL,19-04-2016,26.73,
AAPL,18-04-2016,26.87,
AAPL,15-04-2016,27.46,
AAPL,14-04-2016,28.03,
AAPL,13-04-2016,28.01,
AAPL,12-04-2016,27.61,
AAPL,11-04-2016,27.26,
AAPL,08-04-2016,27.17,
AAPL,07-04-2016,27.14,
AAPL,06-04-2016,27.74,
AAPL,05-04-2016,27.45,
AAPL,04-04-2016,27.78,
AAPL,01-04-2016,27.5,
AAPL,31-03-2016,27.25,
AAPL,30-03-2016,27.39,
AAPL,29-03-2016,26.92,
AAPL,28-03-2016,26.3,
AAPL,24-03-2016,26.42,
AAPL,23-03-2016,26.53,
AAPL,22-03-2016,26.68,
AAPL,21-03-2016,26.48,
AAPL,18-03-2016,26.48,
AAPL,17-03-2016,26.45,
AAPL,16-03-2016,26.49,
AAPL,15-03-2016,26.15,
AAPL,14-03-2016,25.63,
AAPL,11-03-2016,25.57,
AAPL,10-03-2016,25.29,
AAPL,09-03-2016,25.28,
AAPL,08-03-2016,25.26,
AAPL,07-03-2016,25.47,
AAPL,04-03-2016,25.75,
AAPL,03-03-2016,25.38,
AAPL,02-03-2016,25.19,
AAPL,01-03-2016,25.13,
AAPL,29-02-2016,24.17,
AAPL,26-02-2016,24.23,
AAPL,25-02-2016,24.19,
AAPL,24-02-2016,24.03,
AAPL,23-02-2016,23.67,
AAPL,22-02-2016,24.22,
AAPL,19-02-2016,24.01,
AAPL,18-02-2016,24.07,
AAPL,17-02-2016,24.53,
AAPL,16-02-2016,24.16,
AAPL,12-02-2016,23.5,
AAPL,11-02-2016,23.43,
AAPL,10-02-2016,23.57,
AAPL,09-02-2016,23.75,
AAPL,08-02-2016,23.75,
AAPL,05-02-2016,23.51,
AAPL,04-02-2016,24.15,
AAPL,03-02-2016,24.09,
AAPL,02-02-2016,23.62,
AAPL,01-02-2016,24.11,
AAPL,29-01-2016,24.34,
AAPL,28-01-2016,23.52,
AAPL,27-01-2016,23.36,
AAPL,26-01-2016,25,
AAPL,25-01-2016,24.86,
AAPL,22-01-2016,25.36,
AAPL,21-01-2016,24.08,
AAPL,20-01-2016,24.2,
AAPL,19-01-2016,24.17,
AAPL,15-01-2016,24.28,
AAPL,14-01-2016,24.88,
AAPL,13-01-2016,24.35,
AAPL,12-01-2016,24.99,
AAPL,11-01-2016,24.63,
AAPL,08-01-2016,24.24,
AAPL,07-01-2016,24.11,
AAPL,06-01-2016,25.18,
AAPL,05-01-2016,25.68,
AAPL,04-01-2016,26.34,
AAPL,31-12-2015,26.32,
AAPL,30-12-2015,26.83,
AAPL,29-12-2015,27.19,
AAPL,28-12-2015,26.71,
AAPL,24-12-2015,27.01,
AAPL,23-12-2015,27.15,
AAPL,22-12-2015,26.81,
AAPL,21-12-2015,26.83,
AAPL,18-12-2015,26.51,
AAPL,17-12-2015,27.25,
AAPL,16-12-2015,27.84,
AAPL,15-12-2015,27.62,
AAPL,14-12-2015,28.12,
AAPL,11-12-2015,28.3,
AAPL,10-12-2015,29.04,
AAPL,09-12-2015,28.91,
AAPL,08-12-2015,29.56,
AAPL,07-12-2015,29.57,
AAPL,04-12-2015,29.76,
AAPL,03-12-2015,28.8,
AAPL,02-12-2015,29.07,
AAPL,01-12-2015,29.34,
AAPL,30-11-2015,29.58,
AAPL,27-11-2015,29.45,
AAPL,25-11-2015,29.51,
AAPL,24-11-2015,29.72,
AAPL,23-11-2015,29.44,
AAPL,20-11-2015,29.83,
AAPL,19-11-2015,29.7,
AAPL,18-11-2015,29.32,
AAPL,17-11-2015,28.42,
AAPL,16-11-2015,28.54,
AAPL,13-11-2015,28.09,
AAPL,12-11-2015,28.93,
AAPL,11-11-2015,29.03,
AAPL,10-11-2015,29.19,
AAPL,09-11-2015,30.14,
AAPL,06-11-2015,30.27,
AAPL,05-11-2015,30.23,
AAPL,04-11-2015,30.5,
AAPL,03-11-2015,30.64,
AAPL,02-11-2015,30.3,
AAPL,30-10-2015,29.88,
AAPL,29-10-2015,30.13,
AAPL,28-10-2015,29.82,
AAPL,27-10-2015,28.64,
AAPL,26-10-2015,28.82,
AAPL,23-10-2015,29.77,
AAPL,22-10-2015,28.88,
AAPL,21-10-2015,28.44,
AAPL,20-10-2015,28.44,
AAPL,19-10-2015,27.93,
AAPL,16-10-2015,27.76,
AAPL,15-10-2015,27.97,
AAPL,14-10-2015,27.55,
AAPL,13-10-2015,27.95,
AAPL,12-10-2015,27.9,
AAPL,09-10-2015,28.03,
AAPL,08-10-2015,27.38,
AAPL,07-10-2015,27.7,
AAPL,06-10-2015,27.83,
AAPL,05-10-2015,27.7,
AAPL,02-10-2015,27.6,
AAPL,01-10-2015,27.4,
AAPL,30-09-2015,27.58,
AAPL,29-09-2015,27.27,
AAPL,28-09-2015,28.11,
AAPL,25-09-2015,28.68,
AAPL,24-09-2015,28.75,
AAPL,23-09-2015,28.58,
AAPL,22-09-2015,28.35,
AAPL,21-09-2015,28.8,
AAPL,18-09-2015,28.36,
AAPL,17-09-2015,28.48,
AAPL,16-09-2015,29.1,
AAPL,15-09-2015,29.07,
AAPL,14-09-2015,28.83,
AAPL,11-09-2015,28.55,
AAPL,10-09-2015,28.14,
AAPL,09-09-2015,27.54,
AAPL,08-09-2015,28.08,
AAPL,04-09-2015,27.32,
AAPL,03-09-2015,27.59,
AAPL,02-09-2015,28.09,
AAPL,01-09-2015,26.93,
AAPL,31-08-2015,28.19,
AAPL,28-08-2015,28.32,
AAPL,27-08-2015,28.23,
AAPL,26-08-2015,27.42,
AAPL,25-08-2015,25.94,
AAPL,24-08-2015,25.78,
AAPL,21-08-2015,26.44,
AAPL,20-08-2015,28.16,
AAPL,19-08-2015,28.75,
AAPL,18-08-2015,29.13,
AAPL,17-08-2015,29.29,
AAPL,14-08-2015,28.99,
AAPL,13-08-2015,28.79,
AAPL,12-08-2015,28.81,
AAPL,11-08-2015,28.37,
AAPL,10-08-2015,29.93,
AAPL,07-08-2015,28.88,
AAPL,06-08-2015,28.78,
AAPL,05-08-2015,28.85,
AAPL,04-08-2015,28.66,
AAPL,03-08-2015,29.61,
AAPL,31-07-2015,30.33,
AAPL,30-07-2015,30.59,
AAPL,29-07-2015,30.75,
AAPL,28-07-2015,30.85,
AAPL,27-07-2015,30.69,
AAPL,24-07-2015,31.13,
AAPL,23-07-2015,31.29,
AAPL,22-07-2015,31.31,
AAPL,21-07-2015,32.69,
AAPL,20-07-2015,33.02,
AAPL,17-07-2015,32.41,
AAPL,16-07-2015,32.13,
AAPL,15-07-2015,31.71,
AAPL,14-07-2015,31.4,
AAPL,13-07-2015,31.42,
AAPL,10-07-2015,30.82,
AAPL,09-07-2015,30.02,
AAPL,08-07-2015,30.64,
AAPL,07-07-2015,31.42,
AAPL,06-07-2015,31.5,
AAPL,02-07-2015,31.61,
AAPL,01-07-2015,31.65,
AAPL,30-06-2015,31.36,
AAPL,29-06-2015,31.13,
AAPL,26-06-2015,31.69,
AAPL,25-06-2015,31.88,
AAPL,24-06-2015,32.03,
AAPL,23-06-2015,31.76,
AAPL,22-06-2015,31.9,
AAPL,19-06-2015,31.65,
AAPL,18-06-2015,31.97,
AAPL,17-06-2015,31.83,
AAPL,16-06-2015,31.9,
AAPL,15-06-2015,31.73,
AAPL,12-06-2015,31.79,
AAPL,11-06-2015,32.15,
AAPL,10-06-2015,32.22,
AAPL,09-06-2015,31.86,
AAPL,08-06-2015,31.95,
AAPL,05-06-2015,32.16,
AAPL,04-06-2015,32.34,
AAPL,03-06-2015,32.53,
AAPL,02-06-2015,32.49,
AAPL,01-06-2015,32.63,
AAPL,29-05-2015,32.57,
AAPL,28-05-2015,32.95,
AAPL,27-05-2015,33.01,
AAPL,26-05-2015,32.41,
AAPL,22-05-2015,33.14,
AAPL,21-05-2015,32.85,
AAPL,20-05-2015,32.52,
AAPL,19-05-2015,32.52,
AAPL,18-05-2015,32.55,
AAPL,15-05-2015,32.19,
AAPL,14-05-2015,32.24,
AAPL,13-05-2015,31.5,
AAPL,12-05-2015,31.47,
AAPL,11-05-2015,31.58,
AAPL,08-05-2015,31.91,
AAPL,07-05-2015,31.32,
AAPL,06-05-2015,31.25,
AAPL,05-05-2015,31.45,
AAPL,04-05-2015,32.18,
AAPL,01-05-2015,32.24,
AAPL,30-04-2015,31.29,
AAPL,29-04-2015,32.16,
AAPL,28-04-2015,32.64,
AAPL,27-04-2015,33.16,
AAPL,24-04-2015,32.57,
AAPL,23-04-2015,32.42,
AAPL,22-04-2015,32.16,
AAPL,21-04-2015,31.73,
AAPL,20-04-2015,31.9,
AAPL,17-04-2015,31.19,
AAPL,16-04-2015,31.54,
AAPL,15-04-2015,31.7,
AAPL,14-04-2015,31.58,
AAPL,13-04-2015,31.71,
AAPL,10-04-2015,31.78,
AAPL,09-04-2015,31.64,
AAPL,08-04-2015,31.4,
AAPL,07-04-2015,31.5,
AAPL,06-04-2015,31.84,
AAPL,02-04-2015,31.33,
AAPL,01-04-2015,31.06,
AAPL,31-03-2015,31.11,
AAPL,30-03-2015,31.59,
AAPL,27-03-2015,30.81,
AAPL,26-03-2015,31.06,
AAPL,25-03-2015,30.85,
AAPL,24-03-2015,31.67,
AAPL,23-03-2015,31.8,
AAPL,20-03-2015,31.48,
AAPL,19-03-2015,31.87,
AAPL,18-03-2015,32.12,
AAPL,17-03-2015,31.76,
AAPL,16-03-2015,31.24,
AAPL,13-03-2015,30.9,
AAPL,12-03-2015,31.11,
AAPL,11-03-2015,30.56,
AAPL,10-03-2015,31.13,
AAPL,09-03-2015,31.79,
AAPL,06-03-2015,31.65,
AAPL,05-03-2015,31.6,
AAPL,04-03-2015,32.14,
AAPL,03-03-2015,32.34,
AAPL,02-03-2015,32.27,
AAPL,27-02-2015,32.12,
AAPL,26-02-2015,32.6,
AAPL,25-02-2015,32.2,
AAPL,24-02-2015,33.04,
AAPL,23-02-2015,33.25,
AAPL,20-02-2015,32.37,
AAPL,19-02-2015,32.11,
AAPL,18-02-2015,32.18,
AAPL,17-02-2015,31.96,
AAPL,13-02-2015,31.77,
AAPL,12-02-2015,31.62,
AAPL,11-02-2015,31.22,
AAPL,10-02-2015,30.51,
AAPL,09-02-2015,29.93,
AAPL,06-02-2015,29.73,
AAPL,05-02-2015,29.99,
AAPL,04-02-2015,29.89,
AAPL,03-02-2015,29.66,
AAPL,02-02-2015,29.66,
AAPL,30-01-2015,29.29,
AAPL,29-01-2015,29.73,
AAPL,28-01-2015,28.83,
AAPL,27-01-2015,27.29,
AAPL,26-01-2015,28.28,
AAPL,23-01-2015,28.25,
AAPL,22-01-2015,28.1,
AAPL,21-01-2015,27.39,
AAPL,20-01-2015,27.18,
AAPL,16-01-2015,26.5,
AAPL,15-01-2015,26.71,
AAPL,14-01-2015,27.45,
AAPL,13-01-2015,27.56,
AAPL,12-01-2015,27.31,
AAPL,09-01-2015,28,
AAPL,08-01-2015,27.97,
AAPL,07-01-2015,26.94,
AAPL,06-01-2015,26.57,
AAPL,05-01-2015,26.56,
AAPL,02-01-2015,27.33,
AAPL,31-12-2014,27.6,
AAPL,30-12-2014,28.13,
AAPL,29-12-2014,28.48,
AAPL,26-12-2014,28.5,
AAPL,24-12-2014,28,
AAPL,23-12-2014,28.14,
AAPL,22-12-2014,28.24,
AAPL,19-12-2014,27.95,
AAPL,18-12-2014,28.16,
AAPL,17-12-2014,27.35,
AAPL,16-12-2014,26.69,
AAPL,15-12-2014,27.06,
AAPL,12-12-2014,27.43,
AAPL,11-12-2014,27.91,
AAPL,10-12-2014,27.99,
AAPL,09-12-2014,28.53,
AAPL,08-12-2014,28.1,
AAPL,05-12-2014,28.75,
AAPL,04-12-2014,28.87,
AAPL,03-12-2014,28.98,
AAPL,02-12-2014,28.66,
AAPL,01-12-2014,28.77,
AAPL,28-11-2014,29.73,
AAPL,26-11-2014,29.75,
AAPL,25-11-2014,29.4,
AAPL,24-11-2014,29.66,
AAPL,21-11-2014,29.12,
AAPL,20-11-2014,29.08,
AAPL,19-11-2014,28.67,
AAPL,18-11-2014,28.87,
AAPL,17-11-2014,28.5,
AAPL,14-11-2014,28.55,
AAPL,13-11-2014,28.21,
AAPL,12-11-2014,27.81,
AAPL,11-11-2014,27.43,
AAPL,10-11-2014,27.21,
AAPL,07-11-2014,27.25,
AAPL,06-11-2014,27.18,
AAPL,05-11-2014,27.22,
AAPL,04-11-2014,27.15,
AAPL,03-11-2014,27.35,
AAPL,31-10-2014,27,
AAPL,30-10-2014,26.75,
AAPL,29-10-2014,26.84,
AAPL,28-10-2014,26.69,
AAPL,27-10-2014,26.28,
AAPL,24-10-2014,26.31,
AAPL,23-10-2014,26.21,
AAPL,22-10-2014,25.75,
AAPL,21-10-2014,25.62,
AAPL,20-10-2014,24.94,
AAPL,17-10-2014,24.42,
AAPL,16-10-2014,24.07,
AAPL,15-10-2014,24.39,
AAPL,14-10-2014,24.69,
AAPL,13-10-2014,24.95,
AAPL,10-10-2014,25.18,
AAPL,09-10-2014,25.26,
AAPL,08-10-2014,25.2,
AAPL,07-10-2014,24.69,
AAPL,06-10-2014,24.91,
AAPL,03-10-2014,24.91,
AAPL,02-10-2014,24.98,
AAPL,01-10-2014,24.8,
AAPL,30-09-2014,25.19,
AAPL,29-09-2014,25.03,
AAPL,26-09-2014,25.19,
AAPL,25-09-2014,24.47,
AAPL,24-09-2014,25.44,
AAPL,23-09-2014,25.66,
AAPL,22-09-2014,25.27,
AAPL,19-09-2014,25.24,
AAPL,18-09-2014,25.45,
AAPL,17-09-2014,25.4,
AAPL,16-09-2014,25.22,
AAPL,15-09-2014,25.41,
AAPL,12-09-2014,25.42,
AAPL,11-09-2014,25.36,
AAPL,10-09-2014,25.25,
AAPL,09-09-2014,24.5,
AAPL,08-09-2014,24.59,
AAPL,05-09-2014,24.74,
AAPL,04-09-2014,24.53,
AAPL,03-09-2014,24.74,
AAPL,02-09-2014,25.83,
AAPL,29-08-2014,25.63,
AAPL,28-08-2014,25.56,
AAPL,27-08-2014,25.53,
AAPL,26-08-2014,25.22,
AAPL,25-08-2014,25.39,
AAPL,22-08-2014,25.33,
AAPL,21-08-2014,25.15,
AAPL,20-08-2014,25.14,
AAPL,19-08-2014,25.13,
AAPL,18-08-2014,24.79,
AAPL,15-08-2014,24.5,
AAPL,14-08-2014,24.38,
AAPL,13-08-2014,24.31,
AAPL,12-08-2014,23.99,
AAPL,11-08-2014,24,
AAPL,08-08-2014,23.69,
AAPL,07-08-2014,23.62,
AAPL,06-08-2014,23.74,
AAPL,05-08-2014,23.78,
AAPL,04-08-2014,23.9,
AAPL,01-08-2014,24.03,
AAPL,31-07-2014,23.9,
AAPL,30-07-2014,24.54,
AAPL,29-07-2014,24.6,
AAPL,28-07-2014,24.76,
AAPL,25-07-2014,24.42,
AAPL,24-07-2014,24.26,
AAPL,23-07-2014,24.3,
AAPL,22-07-2014,23.68,
AAPL,21-07-2014,23.48,
AAPL,18-07-2014,23.61,
AAPL,17-07-2014,23.27,
AAPL,16-07-2014,23.7,
AAPL,15-07-2014,23.83,
AAPL,14-07-2014,24.11,
AAPL,11-07-2014,23.81,
AAPL,10-07-2014,23.76,
AAPL,09-07-2014,23.85,
AAPL,08-07-2014,23.84,
AAPL,07-07-2014,23.99,
AAPL,03-07-2014,23.51,
AAPL,02-07-2014,23.37,
AAPL,01-07-2014,23.38,
AAPL,30-06-2014,23.23,
AAPL,27-06-2014,23,
AAPL,26-06-2014,22.73,
AAPL,25-06-2014,22.59,
AAPL,24-06-2014,22.57,
AAPL,23-06-2014,22.71,
AAPL,20-06-2014,22.73,
AAPL,19-06-2014,22.97,
AAPL,18-06-2014,23.05,
AAPL,17-06-2014,23.02,
AAPL,16-06-2014,23.05,
AAPL,13-06-2014,22.82,
AAPL,12-06-2014,23.07,
AAPL,11-06-2014,23.47,
AAPL,10-06-2014,23.56,
AAPL,09-06-2014,23.43,
AAPL,06-06-2014,23.06,
AAPL,05-06-2014,23.12,
AAPL,04-06-2014,23.03,
AAPL,03-06-2014,22.77,
AAPL,02-06-2014,22.45,
AAPL,30-05-2014,22.61,
AAPL,29-05-2014,22.69,
AAPL,28-05-2014,22.29,
AAPL,27-05-2014,22.34,
AAPL,23-05-2014,21.93,
AAPL,22-05-2014,21.69,
AAPL,21-05-2014,21.65,
AAPL,20-05-2014,21.6,
AAPL,19-05-2014,21.59,
AAPL,16-05-2014,21.34,
AAPL,15-05-2014,21.03,
AAPL,14-05-2014,21.21,
AAPL,13-05-2014,21.21,
AAPL,12-05-2014,21.17,
AAPL,09-05-2014,20.91,
AAPL,08-05-2014,21,
AAPL,07-05-2014,21.15,
AAPL,06-05-2014,21.23,
AAPL,05-05-2014,21.46,
AAPL,02-05-2014,21.16,
AAPL,01-05-2014,21.12,
AAPL,30-04-2014,21.07,
AAPL,29-04-2014,21.15,
AAPL,28-04-2014,21.22,
AAPL,25-04-2014,20.43,
AAPL,24-04-2014,20.28,
AAPL,23-04-2014,18.74,
AAPL,22-04-2014,18.99,
AAPL,21-04-2014,18.97,
AAPL,17-04-2014,18.75,
AAPL,16-04-2014,18.54,
AAPL,15-04-2014,18.5,
AAPL,14-04-2014,18.63,
AAPL,11-04-2014,18.56,
AAPL,10-04-2014,18.7,
AAPL,09-04-2014,18.94,
AAPL,08-04-2014,18.69,
AAPL,07-04-2014,18.7,
AAPL,04-04-2014,18.99,
AAPL,03-04-2014,19.24,
AAPL,02-04-2014,19.38,
AAPL,01-04-2014,19.34,
AAPL,31-03-2014,19.17,
AAPL,28-03-2014,19.17,
AAPL,27-03-2014,19.2,
AAPL,26-03-2014,19.28,
AAPL,25-03-2014,19.46,
AAPL,24-03-2014,19.26,
AAPL,21-03-2014,19.03,
AAPL,20-03-2014,18.88,
AAPL,19-03-2014,18.97,
AAPL,18-03-2014,18.98,
AAPL,17-03-2014,18.81,
AAPL,14-03-2014,18.74,
AAPL,13-03-2014,18.95,
AAPL,12-03-2014,19.16,
AAPL,11-03-2014,19.15,
AAPL,10-03-2014,18.96,
AAPL,07-03-2014,18.94,
AAPL,06-03-2014,18.96,
AAPL,05-03-2014,19.01,
AAPL,04-03-2014,18.97,
AAPL,03-03-2014,18.85,
AAPL,28-02-2014,18.79,
AAPL,27-02-2014,18.85,
AAPL,26-02-2014,18.48,
AAPL,25-02-2014,18.65,
AAPL,24-02-2014,18.84,
AAPL,21-02-2014,18.76,
AAPL,20-02-2014,18.97,
AAPL,19-02-2014,19.19,
AAPL,18-02-2014,19.5,
AAPL,14-02-2014,19.43,
AAPL,13-02-2014,19.44,
AAPL,12-02-2014,19.14,
AAPL,11-02-2014,19.14,
AAPL,10-02-2014,18.89,
AAPL,07-02-2014,18.56,
AAPL,06-02-2014,18.3,
AAPL,05-02-2014,18.31,
AAPL,04-02-2014,18.17,
AAPL,03-02-2014,17.91,
AAPL,31-01-2014,17.88,
AAPL,30-01-2014,17.85,
AAPL,29-01-2014,17.88,
AAPL,28-01-2014,18.09,
AAPL,27-01-2014,19.66,
AAPL,24-01-2014,19.5,
AAPL,23-01-2014,19.86,
AAPL,22-01-2014,19.7,
AAPL,21-01-2014,19.61,
AAPL,17-01-2014,19.31,
AAPL,16-01-2014,19.79,
AAPL,15-01-2014,19.91,
AAPL,14-01-2014,19.51,
AAPL,13-01-2014,19.13,
AAPL,10-01-2014,19.03,
AAPL,09-01-2014,19.16,
AAPL,08-01-2014,19.41,
AAPL,07-01-2014,19.29,
AAPL,06-01-2014,19.43,
AAPL,03-01-2014,19.32,
AAPL,02-01-2014,19.75,
AAPL,31-12-2013,20.04,
AAPL,30-12-2013,19.8,
AAPL,27-12-2013,20,
AAPL,26-12-2013,20.14,
AAPL,24-12-2013,20.27,
AAPL,23-12-2013,20.36,
AAPL,20-12-2013,19.61,
AAPL,19-12-2013,19.45,
AAPL,18-12-2013,19.67,
AAPL,17-12-2013,19.82,
AAPL,16-12-2013,19.91,
AAPL,13-12-2013,19.8,
AAPL,12-12-2013,20.02,
AAPL,11-12-2013,20.05,
AAPL,10-12-2013,20.2,
AAPL,09-12-2013,20.23,
AAPL,06-12-2013,20,
AAPL,05-12-2013,20.28,
AAPL,04-12-2013,20.18,
AAPL,03-12-2013,20.23,
AAPL,02-12-2013,19.69,
AAPL,29-11-2013,19.86,
AAPL,27-11-2013,19.5,
AAPL,26-11-2013,19.05,
AAPL,25-11-2013,18.71,
AAPL,22-11-2013,18.56,
AAPL,21-11-2013,18.61,
AAPL,20-11-2013,18.39,
AAPL,19-11-2013,18.56,
AAPL,18-11-2013,18.52,
AAPL,15-11-2013,18.75,
AAPL,14-11-2013,18.86,
AAPL,13-11-2013,18.59,
AAPL,12-11-2013,18.57,
AAPL,11-11-2013,18.54,
AAPL,08-11-2013,18.59,
AAPL,07-11-2013,18.3,
AAPL,06-11-2013,18.6,
AAPL,05-11-2013,18.77,
AAPL,04-11-2013,18.81,
AAPL,01-11-2013,18.57,
AAPL,31-10-2013,18.67,
AAPL,30-10-2013,18.75,
AAPL,29-10-2013,18.45,
AAPL,28-10-2013,18.92,
AAPL,25-10-2013,18.78,
AAPL,24-10-2013,19,
AAPL,23-10-2013,18.75,
AAPL,22-10-2013,18.57,
AAPL,21-10-2013,18.62,
AAPL,18-10-2013,18.17,
AAPL,17-10-2013,18.02,
AAPL,16-10-2013,17.9,
AAPL,15-10-2013,17.81,
AAPL,14-10-2013,17.72,
AAPL,11-10-2013,17.6,
AAPL,10-10-2013,17.49,
AAPL,09-10-2013,17.38,
AAPL,08-10-2013,17.18,
AAPL,07-10-2013,17.42,
AAPL,04-10-2013,17.25,
AAPL,03-10-2013,17.26,
AAPL,02-10-2013,17.48,
AAPL,01-10-2013,17.43,
AAPL,30-09-2013,17.03,
AAPL,27-09-2013,17.24,
AAPL,26-09-2013,17.37,
AAPL,25-09-2013,17.2,
AAPL,24-09-2013,17.47,
AAPL,23-09-2013,17.52,
AAPL,20-09-2013,16.69,
AAPL,19-09-2013,16.87,
AAPL,18-09-2013,16.6,
AAPL,17-09-2013,16.26,
AAPL,16-09-2013,16.08,
AAPL,13-09-2013,16.6,
AAPL,12-09-2013,16.88,
AAPL,11-09-2013,16.7,
AAPL,10-09-2013,17.67,
AAPL,09-09-2013,18.08,
AAPL,06-09-2013,17.79,
AAPL,05-09-2013,17.69,
AAPL,04-09-2013,17.81,
AAPL,03-09-2013,17.45,
AAPL,30-08-2013,17.4,
AAPL,29-08-2013,17.56,
AAPL,28-08-2013,17.53,
AAPL,27-08-2013,17.45,
AAPL,26-08-2013,17.96,
AAPL,23-08-2013,17.89,
AAPL,22-08-2013,17.96,
AAPL,21-08-2013,17.94,
AAPL,20-08-2013,17.9,
AAPL,19-08-2013,18.13,
AAPL,16-08-2013,17.94,
AAPL,15-08-2013,17.78,
AAPL,14-08-2013,17.8,
AAPL,13-08-2013,17.48,
AAPL,12-08-2013,16.69,
AAPL,09-08-2013,16.23,
AAPL,08-08-2013,16.46,
AAPL,07-08-2013,16.61,
AAPL,06-08-2013,16.62,
AAPL,05-08-2013,16.77,
AAPL,02-08-2013,16.52,
AAPL,01-08-2013,16.31,
AAPL,31-07-2013,16.16,
AAPL,30-07-2013,16.19,
AAPL,29-07-2013,15.99,
AAPL,26-07-2013,15.75,
AAPL,25-07-2013,15.66,
AAPL,24-07-2013,15.73,
AAPL,23-07-2013,14.96,
AAPL,22-07-2013,15.23,
AAPL,19-07-2013,15.18,
AAPL,18-07-2013,15.42,
AAPL,17-07-2013,15.37,
AAPL,16-07-2013,15.36,
AAPL,15-07-2013,15.27,
AAPL,12-07-2013,15.23,
AAPL,11-07-2013,15.26,
AAPL,10-07-2013,15.03,
AAPL,09-07-2013,15.08,
AAPL,08-07-2013,14.82,
AAPL,05-07-2013,14.91,
AAPL,03-07-2013,15.03,
AAPL,02-07-2013,14.95,
AAPL,01-07-2013,14.62,
AAPL,28-06-2013,14.16,
AAPL,27-06-2013,14.06,
AAPL,26-06-2013,14.22,
AAPL,25-06-2013,14.38,
AAPL,24-06-2013,14.38,
AAPL,21-06-2013,14.77,
AAPL,20-06-2013,14.89,
AAPL,19-06-2013,15.11,
AAPL,18-06-2013,15.42,
AAPL,17-06-2013,15.43,
AAPL,14-06-2013,15.36,
AAPL,13-06-2013,15.57,
AAPL,12-06-2013,15.44,
AAPL,11-06-2013,15.63,
AAPL,10-06-2013,15.67,
AAPL,07-06-2013,15.78,
AAPL,06-06-2013,15.66,
AAPL,05-06-2013,15.9,
AAPL,04-06-2013,16.05,
AAPL,03-06-2013,16.1,
AAPL,31-05-2013,16.06,
AAPL,30-05-2013,16.13,
AAPL,29-05-2013,15.89,
AAPL,28-05-2013,15.77,
AAPL,24-05-2013,15.9,
AAPL,23-05-2013,15.79,
AAPL,22-05-2013,15.76,
AAPL,21-05-2013,15.7,
AAPL,20-05-2013,15.82,
AAPL,17-05-2013,15.47,
AAPL,16-05-2013,15.52,
AAPL,15-05-2013,15.32,
AAPL,14-05-2013,15.85,
AAPL,13-05-2013,16.24,
AAPL,10-05-2013,16.18,
AAPL,09-05-2013,16.31,
AAPL,08-05-2013,16.57,
AAPL,07-05-2013,16.38,
AAPL,06-05-2013,16.45,
AAPL,03-05-2013,16.07,
AAPL,02-05-2013,15.91,
AAPL,01-05-2013,15.69,
AAPL,30-04-2013,15.81,
AAPL,29-04-2013,15.36,
AAPL,26-04-2013,14.9,
AAPL,25-04-2013,14.59,
AAPL,24-04-2013,14.48,
AAPL,23-04-2013,14.5,
AAPL,22-04-2013,14.24,
AAPL,19-04-2013,13.95,
AAPL,18-04-2013,14,
AAPL,17-04-2013,14.39,
AAPL,16-04-2013,15.22,
AAPL,15-04-2013,14.99,
AAPL,12-04-2013,15.35,
AAPL,11-04-2013,15.51,
AAPL,10-04-2013,15.56,
AAPL,09-04-2013,15.25,
AAPL,08-04-2013,15.22,
AAPL,05-04-2013,15.11,
AAPL,04-04-2013,15.28,
AAPL,03-04-2013,15.43,
AAPL,02-04-2013,15.35,
AAPL,01-04-2013,15.32,
AAPL,28-03-2013,15.81,
AAPL,27-03-2013,16.15,
AAPL,26-03-2013,16.47,
AAPL,25-03-2013,16.56,
AAPL,22-03-2013,16.5,
AAPL,21-03-2013,16.17,
AAPL,20-03-2013,16.15,
AAPL,19-03-2013,16.23,
AAPL,18-03-2013,16.28,
AAPL,15-03-2013,15.85,
AAPL,14-03-2013,15.45,
AAPL,13-03-2013,15.3,
AAPL,12-03-2013,15.3,
AAPL,11-03-2013,15.64,
AAPL,08-03-2013,15.42,
AAPL,07-03-2013,15.38,
AAPL,06-03-2013,15.2,
AAPL,05-03-2013,15.4,
AAPL,04-03-2013,15,
AAPL,01-03-2013,15.37,
AAPL,28-02-2013,15.76,
AAPL,27-02-2013,15.88,
AAPL,26-02-2013,16.03,
AAPL,25-02-2013,15.81,
AAPL,22-02-2013,16.1,
AAPL,21-02-2013,15.93,
AAPL,20-02-2013,16.03,
AAPL,19-02-2013,16.43,
AAPL,15-02-2013,16.43,
AAPL,14-02-2013,16.66,
AAPL,13-02-2013,16.68,
AAPL,12-02-2013,16.71,
AAPL,11-02-2013,17.14,
AAPL,08-02-2013,16.96,
AAPL,07-02-2013,16.72,
AAPL,06-02-2013,16.33,
AAPL,05-02-2013,16.35,
AAPL,04-02-2013,15.8,
AAPL,01-02-2013,16.2,
AAPL,31-01-2013,16.27,
AAPL,30-01-2013,16.32,
AAPL,29-01-2013,16.37,
AAPL,28-01-2013,16.07,
AAPL,25-01-2013,15.71,
AAPL,24-01-2013,16.09,
AAPL,23-01-2013,18.36,
AAPL,22-01-2013,18.03,
AAPL,18-01-2013,17.86,
AAPL,17-01-2013,17.95,
AAPL,16-01-2013,18.07,
AAPL,15-01-2013,17.35,
AAPL,14-01-2013,17.92,
AAPL,11-01-2013,18.58,
AAPL,10-01-2013,18.7,
AAPL,09-01-2013,18.47,
AAPL,08-01-2013,18.76,
AAPL,07-01-2013,18.71,
AAPL,04-01-2013,18.82,
AAPL,03-01-2013,19.36,
AAPL,02-01-2013,19.61,
AAPL,31-12-2012,19.01,
AAPL,28-12-2012,18.2,
AAPL,27-12-2012,18.4,
AAPL,26-12-2012,18.32,
AAPL,24-12-2012,18.58,
AAPL,21-12-2012,18.55,
AAPL,20-12-2012,18.63,
AAPL,19-12-2012,18.8,
AAPL,18-12-2012,19.07,
AAPL,17-12-2012,18.53,
AAPL,14-12-2012,18.21,
AAPL,13-12-2012,18.92,
AAPL,12-12-2012,19.25,
AAPL,11-12-2012,19.34,
AAPL,10-12-2012,18.92,
AAPL,07-12-2012,19.04,
AAPL,06-12-2012,19.54,
AAPL,05-12-2012,19.24,
AAPL,04-12-2012,20.57,
AAPL,03-12-2012,20.94,
AAPL,30-11-2012,20.9,
AAPL,29-11-2012,21.05,
AAPL,28-11-2012,20.82,
AAPL,27-11-2012,20.89,
AAPL,26-11-2012,21.05,
AAPL,23-11-2012,20.41,
AAPL,21-11-2012,20.06,
AAPL,20-11-2012,20.03,
AAPL,19-11-2012,20.2,
AAPL,16-11-2012,18.85,
AAPL,15-11-2012,18.77,
AAPL,14-11-2012,19.17,
AAPL,13-11-2012,19.39,
AAPL,12-11-2012,19.39,
AAPL,09-11-2012,19.54,
AAPL,08-11-2012,19.21,
AAPL,07-11-2012,19.93,
AAPL,06-11-2012,20.82,
AAPL,05-11-2012,20.88,
AAPL,02-11-2012,20.6,
AAPL,01-11-2012,21.31,
AAPL,31-10-2012,21.26,
AAPL,26-10-2012,21.57,
AAPL,25-10-2012,21.77,
AAPL,24-10-2012,22.03,
AAPL,23-10-2012,21.91,
AAPL,22-10-2012,22.64,
AAPL,19-10-2012,21.78,
AAPL,18-10-2012,22.59,
AAPL,17-10-2012,23.02,
AAPL,16-10-2012,23.21,
AAPL,15-10-2012,22.67,
AAPL,12-10-2012,22.49,
AAPL,11-10-2012,22.43,
AAPL,10-10-2012,22.89,
AAPL,09-10-2012,22.71,
AAPL,08-10-2012,22.79,
AAPL,05-10-2012,23.31,
AAPL,04-10-2012,23.81,
AAPL,03-10-2012,23.98,
AAPL,02-10-2012,23.62,
AAPL,01-10-2012,23.55,
AAPL,28-09-2012,23.83,
AAPL,27-09-2012,24.33,
AAPL,26-09-2012,23.76,
AAPL,25-09-2012,24.06,
AAPL,24-09-2012,24.67,
AAPL,21-09-2012,25,
AAPL,20-09-2012,24.95,
AAPL,19-09-2012,25.08,
AAPL,18-09-2012,25.07,
AAPL,17-09-2012,24.99,
AAPL,14-09-2012,24.69,
AAPL,13-09-2012,24.39,
AAPL,12-09-2012,23.92,
AAPL,11-09-2012,23.59,
AAPL,10-09-2012,23.67,
AAPL,07-09-2012,24.3,
AAPL,06-09-2012,24.15,
AAPL,05-09-2012,23.94,
AAPL,04-09-2012,24.11,
AAPL,31-08-2012,23.76,
AAPL,30-08-2012,23.71,
AAPL,29-08-2012,24.05,
AAPL,28-08-2012,24.1,
AAPL,27-08-2012,24.13,
AAPL,24-08-2012,23.69,
AAPL,23-08-2012,23.67,
AAPL,22-08-2012,23.89,
AAPL,21-08-2012,23.43,
AAPL,20-08-2012,23.76,
AAPL,17-08-2012,23.15,
AAPL,16-08-2012,22.73,
AAPL,15-08-2012,22.53,
AAPL,14-08-2012,22.56,
AAPL,13-08-2012,22.5,
AAPL,10-08-2012,22.2,
AAPL,09-08-2012,22.17,
AAPL,08-08-2012,22.14,
AAPL,07-08-2012,22.18,
AAPL,06-08-2012,22.23,
AAPL,03-08-2012,21.99,
AAPL,02-08-2012,21.71,
AAPL,01-08-2012,21.67,
AAPL,31-07-2012,21.81,
AAPL,30-07-2012,21.25,
AAPL,27-07-2012,20.9,
AAPL,26-07-2012,20.53,
AAPL,25-07-2012,20.53,
AAPL,24-07-2012,21.46,
AAPL,23-07-2012,21.57,
AAPL,20-07-2012,21.58,
AAPL,19-07-2012,21.94,
AAPL,18-07-2012,21.65,
AAPL,17-07-2012,21.68,
AAPL,16-07-2012,21.68,
AAPL,13-07-2012,21.61,
AAPL,12-07-2012,21.39,
AAPL,11-07-2012,21.59,
AAPL,10-07-2012,21.72,
AAPL,09-07-2012,21.92,
AAPL,06-07-2012,21.64,
AAPL,05-07-2012,21.78,
AAPL,03-07-2012,21.41,
AAPL,02-07-2012,21.16,
AAPL,29-06-2012,20.86,
AAPL,28-06-2012,20.32,
AAPL,27-06-2012,20.52,
AAPL,26-06-2012,20.43,
AAPL,25-06-2012,20.38,
AAPL,22-06-2012,20.79,
AAPL,21-06-2012,20.63,
AAPL,20-06-2012,20.92,
AAPL,19-06-2012,20.98,
AAPL,18-06-2012,20.92,
AAPL,15-06-2012,20.5,
AAPL,14-06-2012,20.41,
AAPL,13-06-2012,20.43,
AAPL,12-06-2012,20.58,
AAPL,11-06-2012,20.4,
AAPL,08-06-2012,20.73,
AAPL,07-06-2012,20.42,
AAPL,06-06-2012,20.41,
AAPL,05-06-2012,20.1,
AAPL,04-06-2012,20.15,
AAPL,01-06-2012,20.04,
AAPL,31-05-2012,20.63,
